Schwann cells;Ng2+ MSCs;Osteoblasts;Chondrocytes;Fibroblast/Chondrocyte progenitors;Sinusoidal endothelial cells;Arterial endothelial cells;Adipo-CAR;Osteo-CAR;Smooth muscle cells;Myofibroblasts;Stromal fibroblasts;Arteriolar fibroblasts;Endosteal fibroblasts;Erythroblasts;Erythroid progenitors;Neutrophil progenitors;Monocyte progenitors;Granulocyte/Monocyte progenitors;Eosinophil/Basophil progenitors;Lymphoid-primed multipotent progenitors;Erythroid/Megakaryocyte progenitors;Megakaryocyte progenitors;large pre-B cells;pro-B cells;Monocytes;Neutrophils;T cells;NK cells;Dendritic cells;small pre-B cells;B cells
Plp1;Cd63;Col1a1;Lect1;Cd9;Sepp1;Tm4sf1;Cxcl12;Tnc;Sparcl1;Myl12a;Dcn;Dcn;S100a6;Car2;Car1;Ms4a3;Prtn3;Mpo;Cpa3;H2afy;Apoe;Itga2b;Ptma;Vpreb1;Psap;S100a8;Cd3g;Ms4a4b;Pld4;Vpreb3;Ms4a1
Aplp1;Spp1;Col1a2;Col9a3;Sparc;Gng11;Ly6c1;Tmem176b;Igfbp4;Dstn;Ubc;Lum;Serpinf1;Ly6a;Prdx2;Vamp5;Elane;F13a1;Prtn3;Srgn;Lmo2;Rps19;Ctla2a;Chchd10;Igll1;Lgals3;S100a9;Shisa5;AW112010;Irf8;Pafah1b3;Ly6d
Mbp;Serpine2;Sparc;Col9a2;Mfge8;Plvap;Slc9a3r2;Hp;Wif1;Myl9;Gnas;Gsn;Col3a1;Mfap5;Glrx5;Prdx6;Ctsg;Ly6c2;Ctsg;Nfkbia;Rpl3;Ddx5;Rgs18;Igll1;Vpreb3;Tyrobp;Wfdc21;Cd3d;Ccl5;Bst2;H3f3a;Cd79a
Mag;Tnc;Serpinh1;Col9a1;Cst3;Cldn5;Ly6e;Lpl;Cd63;Tagln;Gpx3;Apod;Pcolce;Clec3b;Cpox;Npm1;Mpo;Elane;Plac8;Ms4a2;Ctla2a;Vamp5;Nrgn;Hmgb1;Tspan13;Ctss;Pglyrp1;Rpl13a;Gimap4;Cd7;Cd79b;Cd79b
Cldn11;Mmp13;Ifitm5;Hapln1;Comp;Tcn2;Ly6a;Tmem176a;Cxcl12;Acta2;Rps28;Gpc3;Col1a2;Fstl1;Tmem14c;Nop10;Prtn3;Ms4a6c;Emb;Plac8;Ramp1;Pabpc1;Pf4;Cd79a;Ebf1;Fcer1g;Prdx5;Tmsb10;Shisa5;Psap;Dnajc7;Cd74
Cnp;Ibsp;Cadm1;Col11a1;Tsc22d1;Egfl7;Crip2;H2-D1;Olfml3;Tpm2;Cd63;Smoc2;Bgn;Pi16;Atpif1;Hspd1;Srgn;Ctsg;Elane;4930519L02Rik;Cd34;Rps18;Fam212a;Vpreb1;Cd79a;Tmsb4x;Cyba;Ms4a4b;Nkg7;Siglech;Chchd10;Btg1
Stmn4;Cfh;Cgref1;Sparc;Igfbp7;Esam;Cav1;Apoe;H2-D1;Mustn1;Meg3;Sparcl1;Nbl1;Ly6c1;Dut;Ncl;Nkg7;Mpo;H2afy;Hdc;Pabpc1;Nfkbia;Ldha;Vpreb3;Mzb1;Alox5ap;Tmsb4x;Gm9493;Cd52;Ctsh;Tifa;Rac2
Mog;Timp1;Rcn3;Comp;Clu;Cdh5;Esam;Gas6;Kcnk2;Crip1;Tnfrsf12a;Phlda1;Cd9;Timp2;Ctse;Rps18;Prss57;Plac8;Slc25a5;Nkg7;Rpl18a;Rps5;Rap1b;Ucp2;Chchd10;Cyba;Lcn2;Rpl37a;Tmsb4x;Cyth4;Cnp;Coro1a
Tubb4a;Cd200;Cd63;Col2a1;Prelp;Fcgrt;Cd81;Adipoq;Gas6;Sncg;Jund;Mmp2;Gsn;Igfbp6;Hmgb3;Atp1b2;Cst7;Emb;Ap3s1;Ikzf2;Cmtm7;Rpl17;Pbx1;Mzb1;Cd79b;Ms4a6c;Anxa1;Ltb;Tmsb10;Rnase6;Cd72;Tmsb4x
Mal;Serpinh1;Creb3l1;3110079O15Rik;Fn1;Lrg1;Egfl7;Esm1;Serpine2;Malat1;Lmna;Col1a1;Sparc;Gsn;Anp32b;Rpl3;Alas1;Irf8;BC035044;Ifitm1;Rps19;Rpl32;Mef2c;Ebf1;Tifa;Tmsb10;Fcer1g;Rps15a;Selplg;Mpeg1;Ptprcap;Serp1
Fez1;Pth1r;Car3;Mia;Vimp;Tm4sf1;Fabp4;Igfbp4;Alpl;Tpm1;Cd82;Laptm4a;Serpinh1;Crip1;H2afz;Eif5a;Gsr;Clec12a;Pgam1;Lmo4;Rps24;Rpl18a;Dapp1;Arpc5l;Blnk;Pld4;Arhgdib;Rps14;Cd7;Ctsb;Fcrla;H2-Eb1
Gatm;Col1a2;Cpe;Tsc22d1;Bgn;Fabp4;Itm2b;Serping1;Rgs3;Myl6;Rps27rt;Cd81;Cst3;Cd34;Atp5b;Atpif1;Clec12a;Glipr1;Mif;Cks2;Ifitm1;Marcksl1;Fermt3;Snx2;Gmfg;Lsp1;Mcemp1;Rac2;Hcst;Cox6a2;Cd79a;Cyba
Fth1;Fap;Ppic;Mfge8;Rgcc;Igfbp7;Sox17;Cd302;Gja1;Calm2;Maff;Ccl11;Col1a1;Dcn;Cd24a;Hdgf;Serpinb1a;BC035044;Ybx1;Gata2;Gpr171;Rps24;Pfn1;Tspan13;Dntt;Coro1a;S100a11;Tmsb4x;Klrd1;Lsp1;Ebf1;H2-Ab1
Nkx6-2;Sparc;Fkbp7;Plod2;Tspan3;Emcn;Id1;Serpine2;Tmem176b;Pcp4l1;Eif1;Tuba1a;Timp2;S100a10;Bola3;Hnrnpa1;Plac8;Ly86;Clec12a;Nfkbiz;Rpl22l1;Rpl3;Hnrnpf;Hmgb2;Rps27rt;Sh3bgrl3;Cd52;Rps29;Ptprc;Upb1;Arl5c;Fcmr
Trf;Ptgis;Serpinf1;Acan;Fmod;Lgmn;Pecam1;Gpx3;Fbln5;Bcam;Des;Ctsb;Igfbp7;Ecm1;Rpl7;Eef1g;Gstm1;Sub1;Ms4a6c;Csrp3;Psmb8;Actg1;Rpl21;Cd79b;H3f3a;Ccr2;Ifitm6;Rpl13-ps3;Rac2;Grn;Pgls;Sh3bgrl3
Enpp2;Ppic;Vkorc1;Col11a2;Sdc4;Itm2b;Slc6a6;Vcam1;B2m;Mylk;Pdlim4;Vim;Igfbp6;Nbl1;Tubb4b;Rpl14;Fcgr3;Ramp1;Ptma;Cd63;Nr4a1;Ctla2a;Bin2;Blnk;Serinc3;Ctsh;Ngp;Cd8b1;Ctsw;Tyrobp;Pkig;H2-Aa
Ermn;Nupr1;Fkbp11;Col27a1;Dcn;Malat1;Ifitm3;Kng2;Col8a1;Tsc22d1;Gm8730;Efemp1;Gas1;Fbn1;Rpl8;Ces2g;Ap3s1;Fcer1g;Calr;Apoe;Adgrl4;Cks2;F2r;Tcf3;Arl5c;Ms4a4c;Lyz2;Rps7;Gimap6;Dnajc7;Spib;Cd52
Sez6l2;Tmem176b;Col11a1;Matn3;Nupr1;Ifitm3;Calm1;Gdpd2;Tpm1;Myh11;Errfi1;Zbtb20;Serping1;Anxa2;Hmbs;Rpl17;Sdf2l1;Tyrobp;Ramp1;Cmtm7;Npm1;Cdk6;Tgfb1;Ptprcap;Pde2a;Npc2;Alox5ap;Lck;Klre1;Ctss;Rac2;Ltb
Cmtm5;Lifr;Ptgis;Ucma;Tob1;Plpp1;H2-D1;Fbln5;Cxcl14;Hes1;Rpl23a-ps3;Malat1;Laptm4a;Axl;Slbp;Nsun2;Etfb;Slpi;Set;Gng12;Sub1;Skil;Unc119;Gmfg;Lef1;Ctsc;Camp;Limd2;Coro1a;Lair1;Tmsb10;H2-DMb2
Gpm6b;Olfml3;Bglap2;Scrg1;Mgp;Ctsb;Klf2;Igfbp5;H2-K1;Gng11;Hspa8;Serpinh1;Anxa5;Vim;Ubac1;Rps27a;Spcs2;Ap3s1;Eif4a1;Ap3s1;Rps18;Tgfb1;Plek;Hmgn2;Ucp2;Prdx5;Tyrobp;Rpl23a-ps3;Ptprcap;Smim5;Tcf3;Klf2
Cryab;Sdc2;Snhg18;Mgp;Fibin;Gpihbp1;Cldn5;Plpp3;Apoe;Cald1;Rpl13;Junb;Cd81;Ahnak;Gypa;Rps5;Gpi1;Pgam1;Sdf2l1;Glipr1;Spint2;Phlda1;Adgrg1;Lrmp;Ptprcap;Cotl1;Cd177;Rps19;Cd2;Unc93b1;Myl4;Ptprcap
Mobp;Itgb5;Copz2;Chad;Chad;Hes1;Cav2;Kng1;Limch1;Gm13889;Rpl37;Cd9;Crip1;Tppp3;Rfc4;Rpl37a;Calr;Slc25a5;Glipr1;Lcp1;Srgn;Creg1;Cnbp;Pde2a;B2m;Fam49b;Rac2;Rpl18a;Lck;Tcf4;Btg1;Cd72
Pllp;Srpx2;Pth1r;1500015O10Rik;Col6a1;Eng;Sparcl1;Malat1;Pth1r;Gadd45g;Ifrd1;Ecm1;Mgp;Htra3;Ran;Sdsl;Lta4h;Tspo;Pabpc1;Tnfaip3;Rps6;Rpl21;Set;Pgls;Ly6e;Msrb1;Sh3bgrl3;Ms4a6b;Il2rb;Ccr9;Rhoh;Cd37
Ugt8a;Cst3;Col5a2;Tspan3;Klf4;Timp3;Sdpr;Gpx8;Cfh;Ehd2;Rpl9-ps6;Jund;Itm2b;Scara5;Blvrb;Ybx1;Sec61b;Napsa;Ppia;Sox4;Lcp1;Eif4a1;Npm1;Ppp1ca;Rasgrp2;Napsa;Trem3;Rpl13;Pfn1;Ly6e;Plekha2;Shisa5
Sccpdh;Cd302;Cthrc1;Chadl;Lgals3;Ecscr;Eng;Ibsp;Malat1;Flna;Chodl;Fos;Tuba1a;Serpinb6a;Gclm;Rpl4;Trem3;H2afy;Npm1;Tax1bp1;Samsn1;Rps6;Meis1;Anp32e;Tcf3;Lyz2;Msrb1;Cd3e;Evl;Serp1;Dusp2;Ly6e
Rnf13;Rcn3;Maged1;Cst3;Ndufa4l2;Fkbp1a;Crip1;Tpm1;Angpt4;Palld;Rpl6l;S100a6;S100a6;Anxa1;Prdx3;Serbp1;Pglyrp1;Sec61b;F13a1;Myl12b;Mef2c;Srgn;Etfb;Bfsp2;Pafah1b3;Slfn2;Ltf;Rpl18;Sh3bgrl3;Rac2;Herpud1;Tnfrsf13c
App;Col1a1;Ibsp;Prelp;1500015O10Rik;Tfpi;Glul;Rarres2;Cp;Rgs4;Fxyd6;Pcolce;Clec3b;Prkcdbp;Phf5a;Nfkbia;Gatm;Mrpl33;Zfp706;Ly6e;Rpl32;Rpl13;Rps6;Lgals9;Jund;Arpc1b;Pfn1;Rplp1;Limd2;Kmo;Mzb1;Ptpn6
Ppp1r14a;Fam20c;Kdelr3;Sdc4;Cdkn1a;Mmrn2;Tinagl1;Cxcl14;Islr;Csrp1;Crip2;Igfbp6;Col6a1;Ackr3;Ndufb9;C1qbp;Igsf6;Ybx1;Pdia6;Calr;Pde4b;Ninj1;Elf1;2810417H13Rik;H2-D1;Actg1;Cybb;Gm9843;Btg1;Selplg;Serinc3;Arhgdib
Tmem151a;Tspan6;Smpd3;Ppic;Klf2;Pecam1;Pls3;Dpep1;Olfml2b;Rasd1;Rpl35;Itm2b;Angptl1;Col3a1;Metap2;Trp53;Atp6ap2;Ms4a3;Pkm;Cd69;Serpinb1a;Rpl14;Tspan32;Lmnb1;Vpreb2;F13a1;Mgst1;Rps24;Klrk1;Ccl4;Elof1;Spib
Sec11c;Olfml2b;Bglap;Serpinh1;Cilp2;Ctla2a;Ptrf;H2-K1;Cd302;Mfge8;Crlf1;Ubc;Ctsl;Pcolce2;Rps27l;Gm15915;Arhgdib;Ptma;Alas1;Metap2;Ndufa4;Rpl37a;Rps24;Crip1;Tmsb10;S100a4;Ly6g;Rps16;Cyba;Cd300c;Cd24a;Rgs2
Gltp;Bgn;Col11a2;Trpv4;Sod3;Gimap6;Clu;Clu;Gpx8;Rasl11a;Anxa5;Col15a1;Mfap5;Cd9;Rrm1;Hspa9;Hmgn2;Sdf2l1;Irf8;Taldo1;Flt3;Zc3h12a;Gp1bb;Ppia;Smarca4;Itgb7;Plaur;Rpl19;Rpl13a;Cybb;Blnk;Fcrla
Sept4;Postn;Metrnl;Rcn2;Slc29a1;Marcksl1;Fbln2;Agt;Igfbp5;Map1lc3a;Btg2;Anxa5;Selm;Cd248;Mcm7;Aqp1;Hdc;Ppia;Psmb8;Pabpc1;H2-DMa;Npm1;Ccnd2;Lef1;Rps27;Cd52;Adpgk;Rps13;Sept1;Atp1b1;Ptma;Limd2
Agpat4;Pcolce;Tmem59;Cd9;Bhlhe40;Kdr;Bcam;Ifitm3;Tmem176a;Cox8a;Cnn3;Cd34;Islr;Aspn;Ddx39;Eef2;Cebpe;Cmtm7;Ms4a3;Cpne2;Marcksl1;Cmas;Lmo2;Stmn1;Cox7a2l;Cybb;Hp;Gm8730;Skap1;Ly6d;Lrmp;Gm9843
Lamp1;Tmem59;Bgn;Mfi2;Plod2;Ly6e;Id3;Cst3;Igfbp7;Ppp1r15a;Eef2;Egr1;Vim;Cd55;Rhd;Gclm;Adssl1;Gsr;Spcs2;Pfn1;Plac8;Cd69;Khk;H3f3a;Clic1;Cd68;Chil3;Rps18;H2-K1;Ly86;Gm43291;Siglecg
Tuba1a;Lgmn;Kazald1;Vit;Col1a2;Calm1;Stmn2;Bgn;Lifr;Ptp4a3;Vcam1;Cxcl1;Anxa2;Pmp22;Klf1;Srm;Ifngr1;Lgals1;Sec61b;Lpcat2;Rpl17;Hnrnpa1;Hmgb3;Sumo2;Gm11808;Ptpn6;Clec4a2;Selplg;H2-D1;Syngr2;Zfp706;Hvcn1
Glul;Tpm1;Rrbp1;Sox9;Fxyd5;Mafb;Timp3;Sfrp4;Serpinh1;mt-Cytb;Btg1;Islr;Aspn;Anxa5;Snrpe;Npm3;F630028O10Rik;Alas1;Gng12;Cdk6;Zfp422;Cmtm7;Pabpc1;Ccnd3;Xrcc6;Ccl6;Ostf1;Coro1a;Gimap3;Sell;Serp1;Dusp2
Scd2;Ccdc80;Kdelr2;Fmod;Malat1;Fam167b;Cd9;Gja1;Laptm4a;Ptrf;Rps5;Id3;Mmp2;Emp3;Ccnb2;Slc25a5;Ly6c2;Psma7;Eif5a;Fcgr3;Rgs18;Ncl;Vamp5;Rasgrp2;Ypel3;Arhgdib;Slpi;Rpl17;Ptpn18;Fyb;Atp1b1;H3f3a
Dbndd2;Laptm4a;Selm;Phlda1;Anxa8;Flt1;Cdh5;Lepr;Clec11a;Ndufa4l2;Rpl10-ps3;Ifitm2;Il11ra1;Rnase4;Tipin;Rplp0;Sec61g;B4galnt1;Phgdh;Dapp1;Hnrnpa1;Pfn1;Cmas;H2afv;Lrmp;Ifi30;Coro1a;Rpl15;Txk;Cyba;Dok3;Slfn2
Syt11;Bmp1;Nupr1;Papss2;Timp2;Id1;Cst3;Kitl;Cst3;Mt1;Hspb1;Ubb;Fstl1;Col1a2;Alad;Wdr12;Anxa3;Ctsc;Cmtm7;Slc18a2;Cd27;Rpl39;Serbp1;Hnrnpa3;Slamf7;Actr3;Lrg1;Arhgdib;Klrb1c;Gltp;Pyhin1;Arpc5
Rtn4;Tmem176a;Pcolce;Id2;Htra1;Ubc;Hspb1;Igfbp7;Clmp;mt-Atp6;Sdc4;Col1a2;Lum;S100a13;Atp5g1;Creg1;Ssr4;Spcs2;Cst7;Man2b1;Sox4;Gata2;Rsu1;Pkig;Sepp1;Ly6c2;Cebpe;Rps23;Itgb2;Cd68;H3f3b;Serinc3
Sirt2;Metrnl;Cst3;Tubb2a;Col6a2;Arhgap31;Myl12a;Trf;Cdh11;Nrarp;Zbtb20;Ppp1r15a;Ccdc80;S100a11;Nxpe2;Set;Pdia6;F630028O10Rik;Etfb;Vamp8;Rps4x;Nkg7;Hnrnpk;Hnrnpa2b1;Cd37;Ifitm3;Chil1;Cd52;Arhgdib;Bcl11a;Tmsb4x;Unc93b1
Ywhaq;Gja1;Lum;Neat1;Fos;Sparc;Cd36;Wisp2;Bgn;Slc25a4;Malat1;Fosb;Pmp22;Metrnl;Mrpl18;Cox6b2;B4galnt1;Zfp706;Ranbp1;Ddx5;Rpl39;Hnrnpk;G3bp1;Zfp706;Smim14;Irf5;Gpsm3;Btg1;Ltb;Bloc1s2;Calm1;Ier5
Slc48a1;Fkbp10;P3h1;Laptm4a;Prg4;Cd81;Atox1;Serpinh1;Dapk2;Id3;Tuba1a;Serping1;Ctsb;Ptrf;Mns1;Acsl5;Cmtm7;Unc93b1;Tyrobp;Ctsg;Stmn1;Rps14;Skil;Hnrnpf;Rcsd1;Ly86;Lgals3;Rpl6;Gm9493;H2-Ab1;Bcl7a;Arpc5l
Aspa;Cpe;Bglap3;Ncmap;Tubb2a;Sgk1;Fbln5;C1ra;Mmp13;Cebpb;Rps14;Serpinf1;Col5a2;Tmem100;Rpl14;Car2;Ddost;Selplg;Idh2;Mpo;Rps9;Sdsl;Eif5a;Prdx1;Gm2000;Mpeg1;C5ar1;Rpl9-ps6;Cotl1;Spib;Stambpl1;Mzb1
Plekhb1;S100a16;Col13a1;Ccdc80;4930523C07Rik;Aplp2;Fkbp1a;1500009L16Rik;Arrdc4;Tinagl1;Rpl6;Itm2a;Dpt;Ppp1r14b;Rfesd;Atp5g1;Fam49b;Adssl1;Sub1;Arpc2;Hnrnpk;Jun;Rps18;Dntt;Cmtm7;Spi1;Ltb4r1;Lat;Pfdn5;Coro1a;Ucp2;Cd53
Epb41l3;Copz2;Fkbp10;Ppib;Nt5e;Gnai2;Mmrn2;Socs3;Ebf1;Igfbp7;Cebpb;Fxyd1;Lgals1;Ugdh;Rpsa;G3bp1;Myb;Hexa;Ly86;Ms4a3;Phgdh;Rps11;Lims1;Clic1;Cd72;Lilrb4a;Ncf4;Hcst;Hmha1;Laptm5;Fam129c;Tmsb10
Elavl3;Cp;Gm10076;Bhlhe40;P4ha2;Rps27rt;Icam2;Cp;Marcks;Ppp1r12a;Rplp0;Ifitm3;S100a10;Dpt;Rrm2;Rpl28;Pdia3;Gng12;Serpinb1a;Lgals1;Paip2;Rpl36;Hnrnpa1;H2afz;Prep;Arpc2;Shfm1;Lef1;Id2;Tsc22d1;Klhl6;Irf8
Slain1;Gm26917;Sgms2;Btg2;Prnp;H2-D1;Adam15;Nrp1;Id3;Klf9;Hspa5;Vwa1;Col6a2;Procr;Minpp1;Mrpl52;Hk3;Etfb;Hspd1;Fcer1g;Rps5;Sox4;Rpl17;Asf1b;Gm10076;Ccl9;Gmfg;Skap1;H2-Q7;Btg1;Fam53b;Pfn1
Shisa4;Slc29a1;Cdo1;Prnp;Ubc;Id3;Malat1;Rcn3;Gdpd2;Junb;Gm10263;Cpe;Rnase4;Tnxb;Rpl23;Rps4x;Rgcc;Fam49b;Atp8b4;Spns3;Myct1;Trp53;Cdk6;Tuba1b;Klhl6;Sat1;Vasp;Cd2;Gm9843;Nucb2;Cd37;Cd19
Gpr37;Efemp2;Col22a1;Lgals3;Rabac1;Prkcdbp;Rdx;Chrdl1;Ibsp;Nrip2;Rpl13-ps3;Sdc2;Ifitm2;Tuba1a;Ermap;Rpl22l1;Manf;Sh3bgrl3;Ccl9;Eif4a1;Rps3a1;Rps9;Serpina3g;Ptp4a3;Lgals9;Lst1;Slfn2;Rpl8;Tbc1d10c;Tmsb4x;Siglecg;Smim14
Fscn1;Cd9;Ostc;Rcn3;Phlda1;Ctsl;Tspan7;Comt;Ctsb;Ubb;Chrdl2;Entpd2;Rcn3;Fbln2;Dtymk;Nop56;Pkm;Ass1;Hk3;Gmfg;Adgrg1;Zfp36l2;Fli1;Hnrnpd;Pkig;Cebpb;Glrx;Rpl36;Sell;Snx5;Coro1a;Rnase6
Fa2h;Dapk2;Mef2c;Bgn;Serpinh1;B2m;Ptprb;Epdr1;Esm1;Atp1a2;Rpl18a;Enpp2;Ly6a;Laptm4a;Tspan33;Plscr1;Shfm1;Nrros;Slpi;Rpl39;Rpl13;Eif5a;Gata2;Raly;Srp14;Arpc5;Prr13;Rpl21;Fcer1g;Npc2;Pou2af1;Rpl13a
Csrp1;Clec11a;Ckap4;Rrbp1;Dstn;Tmsb4x;Ecscr;Ghr;Serping1;Dynll1;Sqstm1;Jun;Ecm1;Ddah2;Ifrd2;Khk;Cldn15;Pkm;Snrpf;Lgals9;Ptpre;Xist;Nop10;Cfl1;Pgls;Vsir;Ncf1;Gm15013;Gimap5;Serinc3;Unc93b1;Prdx5
Evi2a;Lrp4;Slc36a2;Fn1;Cdc42ep3;Smagp;Vim;Csf1;Csf1;Hspb1;Eef1a1;Cp;Htra3;Sema3c;Slc38a5;Ldha;Atp8b4;Atp8b4;B4galnt1;Alox5ap;Fkbp3;Atpif1;Rps19;Psma6;Gm10263;Ifi27l2a;Serpinb1a;Rpl12;Xcl1;St8sia4;Klf2;Swap70
Hapln2;Lum;Serf2;Serpina1d;P4ha1;Sdpr;Gng11;Ackr4;Palld;Rrad;Dag1;Fth1;Fhl1;S100a16;Dek;Rpl32;Dbi;Pabpc1;Nop10;Gm2a;Arpc2;Hdgf;Nkg7;Snrpg;Rps28;Cd48;Cotl1;Evl;Bcl2;Tspan13;Arpc5l;Actr3
Kctd13;Slit2;Tmem119;Col6a1;Lmna;Tcf4;Aplp2;Fcgrt;Tmem59;Prkcdbp;Cd9;Rarres2;Cygb;Uap1;Rps10;Eef1a1;Ramp1;Igsf6;Erh;Napsa;Tspan13;Btg2;Rpl3;Erh;Atp1b1;Rac2;Myl6;Rplp2;Gimap1;D13Ertd608e;Rgs2;Ncf4
Slc44a1;Rgs3;Fap;Crispld1;Ccdc80;Kank3;Anxa5;Fstl1;Cald1;Olfr558;S100a10;Cd63;Cd63;Igfbp5;Smim1;Pa2g4;Pgam1;Fam107b;Fcer1g;Fut8;Bin2;Rpl34;Pdcd4;H2afy;Cd19;Cdk2ap2;Spi1;Rpl9;Epsti1;Ier5;Slc1a5;Cd69
Sept7;Comt;Ost4;Ubc;Hapln1;Tie1;Ptprr;Laptm4a;Loxl1;Uba2;Lgals1;Mt1;Fbln1;Gfpt2;Ccne1;Cct4;Aldoa;Fcgr3;Ly6c2;Itga2b;Fxyd5;Eef1a1;Rpl32;Ezh2;Ptp4a3;H3f3a;Lst1;Rpl6l;Rpl23a-ps3;Sh3bgrl3;Foxp1;Snx2
Prnp;Hpgd;Cpz;Pth1r;Pam;Cyb5a;Mapk3;Arrdc4;Ifitm3;Fxyd1;Cryab;C1s1;Mxra8;Ramp2;Hemgn;Rpl36;Tkt;Spi1;Gpi1;Creg1;Set;Hnrnpf;Mpl;Hnrnpu;Snx2;Smpdl3a;Taldo1;Rpl32;Bin2;mt-Co1;H2-Ab1;Lsp1
Pcdh9;Nrp2;Ssr2;Wwp2;Sox9;Comt;Gnas;Col6a1;Cldn10;Pln;Pxdc1;Col6a1;Prkcdbp;Mt1;Asns;Gatm;Tmed3;Arpc2;Ddost;Rps19;Hnrnpf;Car1;Dctpp1;Tubb5;Crip1;Itgb2;Ly6i;Rps11;Fxyd5;Stx7;Smarca4;Mef2c
Tmeff2;Mxra8;Fam46a;Hbegf;Jund;Stab1;Gadd45g;C4b;Bst2;Aspn;Vim;Igfbp7;Itm2a;Serping1;Hba-a2;Rpl10a;Eif5a;Cd52;Hmgb1;Cst7;Egfl7;Ier2;Arpc2;Dnajc9;Arntl;Fxyd5;Dstn;Rps15;Jak1;H2-Aa;Cd69;Ctsh
Mapk8ip1;Scara3;Ppib;Serpina1a;Ier3;Ets1;Tsc22d1;Ctsb;Sgce;Gucy1a3;Egr1;Sepp1;Gnas;Klf4;Rps23;Rps8;Ptgr1;Sephs2;Cycs;Spint2;Cdk6;Rps15a;Angpt1;Phgdh;Apobec3;Cdc42;Itgb2;Klf2;B2m;Ctsz;Ly6e;H2-D1
Dbi;Dlx5;Wbp5;Fxyd2;Anxa5;Col4a1;Flt1;Serpina3g;Igsf3;Sepw1;Gm15013;Col3a1;Nenf;Pcolce;Hba-a1;Rpl13;Ssr2;Anxa3;F630028O10Rik;Prr13;Ptpn18;Hmgb3;Rab27b;Smc4;Gimap6;Laptm5;Plbd1;Cd28;Ctla2a;Ptpn6;Arhgdib;mt-Co3
Cd81;Ctsb;Ckb;Fbln7;Acan;Ramp2;Gnai2;Mgst1;Ackr4;Cox4i2;Hspa1a;Matn2;Nupr1;Selm;Cldn13;Mthfd1;Nop10;Cycs;Hmgn2;Rfc2;Ptprcap;Tspan32;Muc13;Ywhae;Gm9843;Rnase6;Cdk2ap2;AW112010;Ifngr1;Alox5ap;Sox4;Gimap6
Apod;mt-Cytb;Laptm4a;Pcolce2;S100a10;Crip2;Podxl;Cd63;Foxc1;Cav1;Ncam1;Crispld2;Ifitm3;Serpinf1;Atp5o;Ppid;Napsa;Sec61g;Cd48;Rnase12;Rps11;Eef2;Mif;Ly6e;Ankrd33b;Shisa5;Arpc5;Rpl13a-ps1;Gpsm3;Mbnl1;Limd2;Blnk
Josd2;Dmp1;Cfh;Rgcc;Col5a2;Plpp3;Jam2;Slc29a1;Lhfp;Ccnl1;Tpt1;Tppp3;Lrp1;Myoc;E2f4;Gsto1;Tmed2;Cd48;Napsa;Marcksl1;Rpl36;Ifrd1;Rpl4;Rac2;Oaz1;Tpd52;AA467197;H2-K1;Ncr1;Pgls;Tsc22d3;Gimap1
Cers2;Bglap2;Sp7;Fos;Emp1;Junb;Tpm4;Sepp1;Fhl2;Gadd45b;Map1lc3a;Ftl1;Igf1;Efemp1;Gnb2l1;Gnb2l1;Ybx1;Pdia6;Sephs2;Rgs18;mt-Co1;Ccnl1;Rabgap1l;Smarca4;H2-K1;Serp1;Mmp9;Tpt1;Klf2;Rpl31;Snx2;Il2rg
Sept8;Tsc22d1;Nrp2;Cytl1;Crip1;Plk2;Tspan13;B2m;Dlx5;Nr4a1;Itm2a;Bhlhe40;Fos;Anxa3;Fth1;Rangrf;Mif;Hmgn2;Igsf6;Mcpt8;Ccl4;Rpl10a;Sord;Cd24a;Cplx2;Plbd1;G0s2;Ptprc;Prdx5;H2-DMa;Sh3bgrl3;Lcp1
Tmem88b;Id3;Gpx8;Dhx58os;Junb;Pim3;Cd200;Gadd45g;Mmp14;Lbh;Fosb;Emp1;Malat1;Lgals1;Phb2;Rsl1d1;Nars;Ccr2;Fam107b;Nt5c3;Idh2;Gmfg;Nt5c3;Marcksl1;Paip2;Mcemp1;Ly6c2;Rps18-ps3;Cd28;Lgals1;Hmgb2;Cd83
Tecr;Gm10076;Ift20;Clec11a;Serpine2;Rasip1;Ehd2;Fst;Vcam1;Casq2;Gm2000;Nupr1;Gpx8;Ugp2;Rpl27a;Rps17;Rasgrp2;Bloc1s2;Spi1;Gpi1;Mif;Rps7;Tmem123;Vpreb2;Gm30948;Taldo1;Dhrs7;Sept1;Actr3;Hs3st1;Ptp4a3;Ctss
Gnai1;Emilin1;Cnpy2;Emp1;Higd1a;Cd300lg;Fxyd5;Ebf1;Tnfrsf19;Ndrg2;Tubb6;Cd302;Ogn;Thy1;Ces2g;Blvrb;Pabpc1;Sell;Adssl1;Rab44;Gmfg;Plac8;Ncl;Elof1;Il16;Capza2;Limd2;Gimap6;Cd53;Ccnd1;Slamf6;Bank1
Pcyt2;Calm2;Arf4;Bhlhe41;Cd63;Hspb1;Ifitm2;Tmem59;Mxra8;Ckb;Gm9493;Crip1;Aebp1;Marcks;Ndufab1;Abcb4;Msrb1;Serpinb1a;Npm3;Samsn1;Tsc22d1;Muc13;Slc25a5;Fkbp3;Ptgr1;Gnb2;Pygl;Gimap4;Btg2;Ppfia4;Gm9843;Lyn
Gjb1;Plod2;Tmed3;Meg3;Col6a3;Cmtm3;Hspa1a;Cald1;Ptprd;Ppp1r12c;Mt2;Selm;Sepp1;Ftl1;Hmgb2;Tspo2;Ltb4r1;Set;Lcp1;Fam107b;Cnbp;Fermt3;Nsun2;Pcna;Cd53;Capzb;Hcst;Rps28;Cd3d;Blnk;Arpc5;Hmha1
Fam177a;Emp1;Plod2;Col6a3;Col1a1;Ptprb;Cdh13;Foxc1;S100b;Rgs5;Id3;Meg3;Prnp;Ifitm2;Hspe1;Klf1;Slpi;Shfm1;Mrpl33;Tagln2;Tap2;Nop58;Rpl39;Sae1;Slamf6;Samhd1;Itgb2l;Sh3bgrl3;Slfn2;Cd37;Btg2;Dnajc7
Spock3;Mmp14;Lipc;Jund;Gpx3;Laptm4a;Ltbp4;Errfi1;Zeb2;Des;P2ry14;Zfp36l1;Prelp;Gnas;Rpl26;Rps2;Sephs2;Ctsz;Dctpp1;Lat2;Rsl1d1;Ldha;Rfc2;Cd19;Ets1;Csf2ra;Lamtor4;Gm11808;Laptm5;Amica1;Cyba;Rbm39
Olig1;Tspan4;Dapk2;Mdfi;Fosb;Fscn1;Klf4;Fhl2;Comt;Nfkbia;Ppp1r14b;Socs3;Mt1;Islr;Ccnd3;Gnl3;Cycs;Cst7;Srm;Ubb;Rps14;Rpl22l1;Prmt1;Rbm3;Rps26-ps1;Clec4a2;Gsr;Fxyd5;Rpl38;Rnaset2b;H2afv;Ets1
Gjc2;Htra1;Bmp1;Tmed9;Maged1;Il6st;Plk2;Ccl19;Gadd45g;Atp5k;Junb;Tnfaip6;Sod3;Ctsl;Cited4;Tspan32;Tmbim6;Alox5ap;Anxa3;Hnrnpf;Eif4a1;Rps3a1;Srgn;Sumo1;Rpl9-ps6;H2-DMa;Vsir;Rps27rt;Rpl37a;H2-Eb1;mt-Co1;Hcls1
Phyhipl;Alpl;Gm9844;Anxa5;Arl6ip5;Gadd45g;Gja4;Islr;Lmo4;Cpe;Mt1;Nbl1;Fkbp9;Gabarap;Nme1;Ppia;Gng12;Dbi;Pa2g4;Gm20342;Rpl4;Rps4x;Sdpr;Cd37;Comt;Unc93b1;Lcp1;Rps20;Dusp2;Runx2;Ypel3;Napsa
Qk;Cadm1;Gm10263;Fam89a;Tuba1a;Ushbp1;Tmod3;Pcolce;Atraid;Atf3;Crip1;Htra3;Fxyd1;Cd81;Cox6a1;Hsp90ab1;Tm6sf1;Ddost;1110008F13Rik;Spn;Laptm5;B2m;Ybx1;Cdv3;Gm9844;Fam105a;Hmgn2;Rpl35;Ms4a6b;Tnfrsf13b;Hmgb1;Ebf1
Efnb3;Ctsk;Wisp1;Chst11;Lum;Apoe;Cd151;Fos;Fstl1;Ppp1r14a;Serpine1;Hspa5;Emp1;Lrrn4cl;Mdh2;Rab4a;Gyg;Cd53;Gsr;Nucb1;Tax1bp1;Rpl4;Rpl34;2700094K13Rik;Rpl35;Tgfbi;Mettl9;Rplp0;Sh2d1a;Mvb12a;Bach2;Ier2
Wscd1;Rhoc;Mmp2;Ppp1r1b;Dap;Myl12a;Epas1;Sparc;Fgfr2;Uqcr11;Rps26;Ltbp4;Tppp3;Nupr1;Rpl22;Fbl;Actr3;Ssr4;Ndufa4;Rpl32;Rpl37;Nfkbid;Eif4a1;Cks1b;Unc93b1;AI839979;Pirb;Rpl35a;Rps14;Cd53;Hes6;H2-K1
Tspan15;Selm;Vimp;Vimp;Laptm4a;Apold1;S100a16;Cyp1b1;Dpysl3;Cd81;Rps4x;Mxra8;Sepw1;Sod3;Mgst3;Eprs;Spint2;Sptssa;Gusb;Fxyd5;Serinc3;Paip2;F2rl2;Hnrnpk;Arpc5;Ncf4;Dok3;Gimap3;Rpl23a;Cd74;Cfl1;Grap
Kif1b;Gpx8;Gabarap;Gm26917;Cpe;Klf4;Junb;Cdh11;Epdr1;Egr1;Bag3;Gem;Anxa1;Rarres2;Urod;Erh;Fgl2;Cfp;Psma7;;Sell;Rbm39;Dkc1;Lsm5;Ptma;Ms4a6b;Scp2;Rps6;Vasp;Clec12a;mt-Co3;Pkig
Rnf7;Col5a2;Rpl10-ps3;Cd63;Mxra8;Dusp1;Cyb5r3;Epas1;Colec12;4930523C07Rik;Fgfr1;Lgals1;Slc25a4;Igfbp4;Acp1;Rps24;Dmkn;Ccl9;Hspa9;;Ddx5;Tagln2;Rpl28;Coro1a;H3f3b;Anxa2;Cnn2;Rpl23a;Ptpn22;Prdx5;Tnfrsf13c;H2-DMa
Hmgcs1;Fxyd1;Rcn1;S100a1;Col11a1;App;Tspo;Marcks;mt-Nd4;Crip2;Klf4;Fbln2;Gabarap;Rhoa;Hebp1;Ppif;Pde4d;Ctsh;Rsl24d1;;Elf1;Gm15915;Rpl13;Ppp1cc;Zfp706;Ncf2;Arrb2;Rpsa;Ccl4;Tpd52;Pycard;Dok3
Cystm1;Ank;Cd200;Rcan1;Rcn3;Cd151;Laptm4a;Hspa5;Rcn3;Errfi1;Htra3;Myoc;Fcgrt;Plpp3;Fam132a;Ass1;Spi1;2810417H13Rik;Gsto1;;B2m;Clec4d;Anp32b;Nhp2l1;Herpud1;Ucp2;Itgam;Rpl37;Rpl19;H2-D1;Hnrnpa2b1;Calm1
Apbb1;Csf1;Insc;Col12a1;Pkm;Sox18;Emcn;Angptl4;Slc36a2;Mef2c;Zfand5;Sat1;Ahnak;Ptms;Rhag;Myb;Spcs3;Gusb;Cks1b;;Glipr1;;Cct4;Cbx1;Srgn;Crip1;Tmcc1;Ptprcap;Cnn2;Ctsl;Clic1;Prss34
Sypl;Wisp1;Fam221b;Errfi1;Calm2;Psap;Prkcdbp;Il34;Hvcn1;Fermt2;Rpl17;Scara5;Fkbp7;Has1;Arf5;Pebp1;Pgd;Aldoa;Ssr4;;Nop10;;Lat;Ran;Impdh1;Capg;Lsp1;Cyba;Zfp36l2;Gpr171;Cd19;Ccr7
Hdac11;Maged1;Dap;Klf4;Hbegf;Gpm6a;Rras;Id3;Itm2c;Cryab;mt-Cytb;App;Copz2;Lrp1;Fen1;Rpl5;Eif4a1;Coro1a;Gapdh;;Rpl36a;;Nr4a1;Atp1b3;Pten;Pycard;Actb;Thy1;Sp100;Cnp;Ppp1ca;Cnp
Sepp1;Vdr;P3h4;Cyr61;P3h4;Col4a2;F11r;Nupr1;Mpzl1;Itm2b;Rpl35a;Lmna;Olfml3;Emp1;Txnl1;Cct3;Ccl9;Lcp1;Cdca7;;Rps3;;Slc14a1;Tifa;Arpc5l;Ftl1;Ncf2;Rps3;Dok2;Rgs1;Ikzf1;Ly86
Gprc5b;Cdc42ep3;Lgals1;Vkorc1;Trim47;S100a16;Ier2;Aplp2;Insig2;Fosb;Sdpr;Plat;Fbln2;Nenf;Birc5;Pabpc1;Ostc;Gria3;Hnrnpa1;;Zfp36l2;;Sdsl;Tpm4;Fam53b;Selplg;Mmp8;Pfdn5;Thy1;Ptprc;Cecr2;Ifi27l2a
Dusp26;Snhg18;Gm26917;Susd5;Selk;Bst2;Rps27rt;Nnmt;Gpx3;Rbpms2;Pdpn;Mgp;Ptms;Sepw1;Gpx1;Rpl36a;Srm;Lsm5;2700094K13Rik;;Ncl;;Ranbp1;Cox5a;Ube2b;S100a6;Igsf6;Gm10073;Klrc2;H2-T23;Rsph1;Laptm5
Nipa1;Sema7a;Bambi;Ier3;Wif1;Fos;Ramp2;Cyr61;Fap;Gm42726;Pnrc1;;Fn1;Fn1;Mrpl28;Cct8;Ndufa4;Hk3;Apex1;;Ccnd2;;Rpl18a;Rrm2;Bfsp2;Gltp;Arpc1b;Rps5;Rpl9;Prr13;Xrcc6;Junb
Gng11;Eva1b;Tmem176b;Eno1;Spp1;Igfbp4;S100a6;Itm2c;Rspo3;Pls3;Rps7;;Rabac1;Tgfbr2;Rps17;Rps6;Gpx1;Pycard;Pdia4;;Cd53;;Tmem40;Srsf3;Gstt2;Cst3;Myl12b;Slfn2;Cd3g;Pacsin1;Apobec3;Actb
Ndrg1;Creb3l1;Maged2;Fam180a;Ptgis;Cyp4b1;Lims2;Mdk;Auts2;Ubc;Atf3;;Ctsk;Rhoc;Rpl13a;Ebna1bp2;Ppia;Bex6;Cd53;;Dapp1;;Sumo2;Snrpf;Rpl23a-ps3;Rgs2;Actr3;Nkg7;Gzma;Apobec3;Sec11c;mt-Co1
Selk;Sp7;Fxyd1;Tnfrsf11b;Pcolce;Ubb;Edn1;Itm2b;Ctsl;Calm1;Cdh15;;Adamts2;Sparc;Cdc6;Atic;Myl12b;Snrpf;G3bp1;;Sde2;;Nop56;Slc25a5;Sub1;Btg1;Pilra;Ptpn18;Dnajc15;Arhgdib;H2afx;Cdk2ap2
Msmo1;Cnn2;Mxra8;Cpe;Enpp1;F11r;Clec14a;App;Col1a2;mt-Co2;Fgfr4;;Col6a3;Dbn1;Minos1;Bzw2;Tmem165;Arpc1b;2810417H13Rik;;Alox5ap;;Zfand5;Top2a;Snn;Cd53;Mrgpra2b;Saraf;Cdk2ap2;Prkca;Cox7a2l;Tsc22d3
Arl8a;Colec12;Pycr1;Ier5;Itm2c;Bok;Kctd10;Gm10116;Ifnar2;mt-Nd1;Myc;;Phlda3;Fndc1;Mrps24;Rps3;Gsto1;Eif4a1;Ass1;;Morf4l1;;Nop58;Set;Rsph1;Ly6e;B230208H11Rik;H2-D1;Rpl13-ps3;Napsa;Laptm5;H2-Ob
Pex5l;Ctnnb1;Pdia5;Btg1;Cd81;Lrrc58;Arhgap31;Col1a2;Sdc2;Nr4a2;;;Ecm2;Itm2b;Uqcr11;Gtpbp4;Slc25a5;Psmb8;Tmed2;;Emb;;Rgs1;Tmem243;;Ptpn18;Arpc3;Cd8a;Ccnd2;mt-Atp6;Tmem108;Lrmp
Etv1;;Krtcap2;Fgfr3;Cilp;;Fos;Il1rn;Comp;Inpp5a;;;S100a11;Col1a1;Rpl10a;Cks2;Xpc;Ncf4;AI662270;;Rpl34;;Ncor1;Pa2g4;;Cd300a;Lilr4b;Itgb7;S100a10;H2-DMb1;Snn;Rpl13-ps3
Cadm4;;Gm2000;Thbs3;Ppic;;Dusp1;Pdgfrb;Fcgrt;Meox2;;;Tgfbi;Col14a1;Eef1d;Cct5;Prdx5;Fam105a;Actr3;;Rpl11;;Cd9;Ranbp1;;Evi2a;AB124611;Rpl11;Psmb8;Cd47;Il7r;Fam49b
Lrrc58;;Surf4;Syt8;Fgfr1;;Hes1;Gm4951;Socs2;Oaz2;;;Entpd2;Prss23;Rps27a;Prmt1;Dstn;Msrb1;Arpc2;;Sumo2;;Tagln2;Dcun1d5;;Dusp1;Mpc2;Cotl1;Ccl3;Fcer1g;Fam43a;Capg
Ckb;;Cope;Sgk1;Fkbp10;;Jag1;Fgf7;Ggt5;Ndufa5;;;C1s1;Fgfr1;Fech;Lyar;Uchl5;1110008F13Rik;Alox5ap;;;;Runx3;H2afx;;Bin2;Hdc;Hmha1;Fam105a;Hvcn1;Ppp1cc;Cd24a
Tsc22d4;;Dcn;Ppa1;Zbtb20;;Nrp1;Bmp4;Ppic;Itgb1;;;Tmem119;Tmsb10;Cenpa;Metap2;Edem2;Abracl;Bzw2;;;;Atic;Mif;;Tifab;Clec12a;Rpl34;Cd37;Itgb7;Paip2;Rhoh
Prdx1;;Satb2;Islr;Meg3;;Anxa3;Runx1;Gm42726;Rap1a;;;Ltbp4;Efhd1;Tspo2;Cdk6;Alox5ap;Cox5a;Serbp1;;;;Rps5;Rbbp4;;Ostf1;R3hdm4;Cdk2ap2;Rpl9-ps6;Clec10a;Bcl2l1;Ifi30
Car14;;Bmp3;Atf4;Anxa2;;Ubb;Pappa;Hmgn3;Cst3;;;Rarres2;Ebf1;Ccna2;Rps16;S100a11;Cd14;Dbi;;;;Tln1;Serinc3;;Emb;Capg;B2m;Rps15a;Lag3;Apobec1;Nfkbid
Pea15a;;Tmem258;Sox5;Atf3;;Bst2;Htra1;Fos;Ppp1cb;;;Ramp2;Ifitm3;Stard10;Nolc1;Uqcrb;Gpx1;Nrros;;;;Hspa9;Ube2i;;Lamp1;Sat1;mt-Co3;Il2rg;Slc44a2;Ly6d;Jund
Tmeff1;;Tmsb10;Cox4i2;Cyb5r3;;Sox18;Gm42726;Gm26917;Tesc;;;Apod;Nov;Tuba4a;Ermap;Gapdh;Pfn1;Ncl;;;;Cct3;Ywhaq;;Prkcd;Osm;Cd53;Actg1;Irf7;Smim14;mt-Atp6
Acot7;;Rgs3;P3h1;Col8a2;;Clic4;Mme;Abi3bp;Pdlim3;;;Ly6c1;Crip2;Hdgf;Mif;Mgst2;M6pr;Srgn;;;;Rps4x;Ybx1;;Limd2;Mgst2;Rpl4;Rpl18a;Ifnar2;Hvcn1;Fam129c
Mapt;;Id3;Nt5e;Cyr61;;Ece1;Ifnar2;Ccdc80;Tprgl;;;Itgb5;Fhl1;Rplp2;Rpl26;Tmed9;Tifab;Uchl5;;;;Snrpf;Ppp1cb;;Lyn;Hmgb2;Sell;Fam189b;Evi2a;Fam107b;Snn
Snrpn;;Sar1a;Emilin1;Crip2;;Cltb;Rbms1;Cnn2;Atp1b2;;;Ptrf;Fcgrt;Tubb5;Rps9;Pdia4;H2-DMa;Hexa;;;;Rps8;Nono;;Myl12b;Lilrb4a;Wdr89;Arhgap9;Smim14;Gmfg;Pld4
Stmn1;;Arl1;P3h4;Itgb5;;Cyyr1;Gpm6b;Slc29a1;Tcf15;;;Cd302;Thbd;Snrpd1;Pgm1;Glrx;Mif;Ran;;;;Rps16;Hnrnpm;;Fos;Pkm;Epsti1;Rgs2;Tsc22d3;Slamf7;Apobec3
Gstm7;;P4ha2;Snhg18;Comt;;Ppp1r15a;Ctsl;Ogn;Lrrc58;;;Cfh;Capg;Rpl31;Eif2s1;Rpn2;Arhgdib;Cox5a;;;;Myct1;Pfn1;;Eno1;Fpr2;Satb1;Rps11;Scimp;Cdkn2d;
Pcbp4;;Gm10073;F3;Omd;;Ier3;Ggt5;Tle2;Jund;;;C1qtnf2;Gstm1;Lig1;Rpsa;Dars;Tmed3;Lgals1;;;;Nap1l1;Sept1;;Ier2;Fcnb;B4galnt1;Gimap7;Tapbp;Rbm38;
Psat1;;Col5a1;Il17d;Abi3bp;;1810037I17Rik;Zfp36l1;Dpep1;Bcar3;;;Serpinb6a;Cyb5a;Rps2;Rpl29;H2afy;Csf1r;Tkt;;;;;Lockd;;Cfp;Aldh3b1;Fam189b;Rps18-ps3;Psmb8;Ddx54;
Dnajb2;;Ier3ip1;Selk;Scara3;;Tcf4;Hmgn3;St3gal6;Epas1;;;Mxra7;Calm1;Cdca3;Tomm20;AI662270;Erp29;Hsp90b1;;;;;Ctcf;;Igsf6;Gadd45a;Dapl1;Actb;Pltp;Akap12;
Mid1ip1;;Serf1;Fosb;Colec12;;App;Id4;Sp7;Id1;;;Itm2c;Vat1;Pla2g12a;Mfsd2b;Canx;Rpl36al;Lsm5;;;;;Frg1;;C1galt1c1;Ethe1;Cd69;Klra7;Pafah1b3;4930523C07Rik;
S100a16;;Gxylt2;Sdc3;Ier5;;Vegfc;H2-Q10;Kitl;Rbpms;;;Comt;Npdc1;Pcna;Hmgb3;Phgdh;Actr3;H2afj;;;;;Gm8186;;Serf2;Abracl;Txk;Tnfrsf18;Fgfr1op2;Lgals9;
Gstm5;;Lox;Socs1;Ptms;;Plpp1;Lhfp;Ncam1;Ptms;;;Arf4;Tspo;Hsp90aa1;Morf4l2;Bola2;Tmed2;Tm6sf1;;;;;Snrpe;;Prr13;F630028O10Rik;Peli1;Myl6;Rap1a;Arntl;
Cldnd1;;Ctsk;Serpina1b;;;Azin1;Loxl1;Cadm1;Jun;;;Smoc2;Lbp;Rps20;Wdr43;Mrpl44;H2afj;C1qbp;;;;;Parp1;;Asah1;Fam101b;Bin2;Tyrobp;Bmyc;Syk;
Tmbim6;;Clec11a;Foxa3;;;Ubc;Ptx3;Rasl11a;Atp2b1;;;Col14a1;Serpinh1;Atp5f1;Rrs1;Ogfrl1;Calr;Lman2;;;;;Nucks1;;Gpx1;2310001H17Rik;Rps27a;Cd48;AI467606;Actb;
Qdpr;;Comt;Ost4;;;Comt;Cebpb;Smad6;Ift43;;;Prrx2;Smim14;Rplp0;Nme1;Lman2;Lman2;Lta4h;;;;;Hnrnpc;;Atf3;Dgat1;Laptm5;Ctsd;Cib1;Csk;
Tmem189;;Rerg;P4ha2;;;C1qtnf9;Ltbp2;Adamts5;Fos;;;Cd34;Comt;Glo1;Dkc1;Rps29;Ostc;Myb;;;;;Psmd8;;Ethe1;Anxa2;Rpl38;Rpl18;Ly6c2;Gm9493;
Pdlim2;;Ssr4;2810001G20Rik;;;Heg1;Ftl1;Myeov2;Cycs;;;Ddah2;Loxl1;Gmnn;Gstm5;Baz1a;Serf2;Lmnb1;;;;;Tmsb10;;Arpc3;Fcgr3;Rps9;Hsd11b1;Irf5;Prdx5;
Nap1l5;;Xbp1;Ckap4;;;Trim47;Tuba1a;Selm;Actb;;;Igfbp4;Medag;Nasp;Cct7;Suclg1;Capza2;Tspo;;;;;Calm2;;Hck;Pilrb2;Bcl2;Rpl13a-ps1;Dbnl;Ifi27l2a;
Pdgfa;;Gm10320;Hspa5;;;Anxa2;C1s1;H2-Q7;Arf4;;;Axl;Aes;Cox4i1;Mybbp1a;Fam107b;Eif5a;Nkg7;;;;;Cdca7;;Degs1;Plp2;Dnajc15;Rgs1;Ubc;BC035044;
Gal3st1;;Mlip;Fkbp9;;;Rhoc;Prelp;Igf1;Pdgfa;;;Sdc2;Gm10116;Orc6;Optn;Gfi1;2700094K13Rik;Hells;;;;;Pbk;;Grn;Tkt;Cox7a2l;Anxa6;Lat2;Myb;
Fdps;;Efemp2;Kdelr3;;;Arl6ip5;Fkbp9;mt-Cytb;Prss23;;;Loxl1;Slc25a4;Mcm2;Eif3b;Tmem38b;Lamp1;Dkc1;;;;;Anp32a;;Tspo;Arpc2;Gm10036;Cd69;Plaur;Ddx5;
Mapk3;;Lgmn;Eps8l2;;;Sptbn1;Clmp;Id4;Tspan7;;;Emp3;Adamts5;Gpx4;Nop58;Nt5dc2;Rasgrp2;Sell;;;;;Bin1;;Myl6;Cdkn2d;Actr3;Cd27;Klrd1;Gpcpd1;
Golga7;;Alpl;P4hb;;;Pim3;Pdia6;Irx3;Btg1;;;Anpep;Fbln1;Naca;Gart;Mfsd10;Npc2;Ivns1abp;;;;;Ptpn18;;Gm9844;Clec5a;Eef1a1;B4galnt1;Gnas;Tram1;
Bin1;;Lman1;Fap;;;Alpl;Rgs3;Map1lc3a;Cox7a2;;;Lhfp;Emilin2;Gata1;Gata1;Vapa;C1galt1c1;Erp29;;;;;Bcat1;;Pfn1;Fam49b;Ets1;Junb;Khk;Rbm3;
Slco3a1;;Yipf5;Cd109;;;Tmsb4x;Colec12;Pappa;Lmod1;;;Rhoc;Fos;Rpl19;Park7;Set;Rassf4;Rpl22l1;;;;;Tyms;;Wfdc17;Mapk13;Rps21;Cd160;Pkig;Hist3h2a;
Tspan2;;Gja1;Shisa4;;;Cd93;Cfh;Itm2b;Fbxl22;;;Lamp1;Jund;Tk1;Rpl39;Lsm5;Ivns1abp;Parl;;;;;Calm3;;Rassf4;Degs1;Gimap1;Ets1;Arpc5;Gdi2;
Mbnl2;;Tsc22d1;Ldha;;;;Ebf3;H2-Q6;Ier3;;;Tmem100;Sdc2;Siva1;Macrod1;Lamtor2;Idh2;Canx;;;;;Uhrf1;;Fcgr3;Ceacam10;Ccr7;Lcp1;Btg2;Jun;
Sc5d;;Sec61g;Epyc;;;;Vegfc;Tspan4;Gucy1b3;;;Npdc1;Uqcc2;Cks2;Eif3e;Mapkapk3;AI662270;Ctsc;;;;;Lsm2;;Ctsz;Pnkp;Tcf7;Cd3e;Sept1;Lbh;
Hcn2;;Calm2;Steap1;;;;Efemp2;H2-Q4;Hmgn3;;;Jund;Ltbp4;Cyc1;Rps19;Npm3;Tm6sf1;Selplg;;;;;Slbp;;Arpc4;Btg1;Cnn2;Ier5;Pycard;Tubb5;
Osbpl1a;;Kdelr1;Tpbg;;;;Adamts2;Fam69a;Zak;;;Fbln7;Myl6;Fxn;Mrpl12;Serp1;Sap30;Echs1;;;;;Sf3b4;;Tnfaip8l2;Cklf;Prdx5;Cd247;B2m;Oaz1;
Malat1;;Gpx7;Pkm;;;;Mylk;Cdh2;Mcam;;;Htra1;Fxyd1;Rpl5;Adk;Hn1l;Ssr1;Prmt1;;;;;;;Ier5;Gca;Gm8369;Cdc42;Ptprcap;;
Tppp3;;Tbrg1;Cspg4;;;;Igsf3;Pgrmc1;Atp2a2;;;Dstn;Cltb;Oaz1;Slc38a5;Idh2;Fam96a;Fkbp3;;;;;;;Pirb;Ckap4;Sp100;Calm1;Slc35c2;;
Fabp5;;Praf2;Edil3;;;;Olfml2b;Pdlim2;Kif5b;;;Lmna;Entpd2;Rpl23a;Kcnq1ot1;Tma16;Ctss;Sptssa;;;;;;;Ccdc109b;Unc119;mt-Atp6;Sept6;Rnd3;;
Tmcc3;;Rps26-ps1;Socs2;;;;Tnc;Emp2;Map1b;;;Ppic;Pdlim2;Rps8;Naca;2700094K13Rik;Lta4h;Spcs3;;;;;;;Mrpl33;Cd33;Tsc22d3;Efhd2;Hcls1;;
S1pr5;;Sec61b;Junb;;;;Ppib;Pcolce;Pnrc1;;;Psap;Atox1;Cox6b2;Rpl21;H2afj;Vrk1;Ldha;;;;;;;Gm9843;Glipr2;Rps10;Tspo;Sp100;;
Fnta;;Chmp4b;Igfbp7;;;;Plxdc2;Mxd4;Rcan2;;;Ergic3;Mustn1;Bsg;Sdhd;Krtcap2;Lamtor4;Bex6;;;;;;;Ifitm6;Ptpn6;mt-Co1;Rhoh;Itgb2;;
Abca2;;Tuba1a;Cnn3;;;;Igf1;Lmo7;Mafk;;;Itgbl1;Col6a2;Rps15;Prss50;Tax1bp1;Syngr2;Cct8;;;;;;;Scp2;Txn1;Gm2000;Prr13;Cdkn2d;;
Serpinb1a;;Gm10269;Ubb;;;;Cpxm1;Eva1a;Bcr;;;Vkorc1;Nid1;Rpa2;Atp5g2;Stt3b;Dctpp1;Hnrnpu;;;;;;;Lyz1;Actn1;Fyb;Eif4a2;Hhex;;
Ubc;;Ssr3;Omd;;;;Fxyd1;Lrp4;Cdkn1a;;;Thbs3;Prrx1;Hbb-bt;Rrp9;Rpl36al;Krtcap2;Rnpep;;;;;;;Naaa;Arhgap9;Rpl24;Rnaset2b;Mzb1;;
Fam171b;;Timp1;Pde4b;;;;Pdzrn4;Tmem86a;Actn1;;;App;Capns1;Gstm5;Mrps28;Ak2;Vapa;Sec61g;;;;;;;Hcls1;Actg1;H2-Q7;Atp6v1f;Gpcpd1;;
Mpc1;;Omd;S100a10;;;;Lifr;Copz2;Notch3;;;Cyb5a;Lamp1;Rpl24;Rplp1;Fcgr2b;Zfp422;Fam49b;;;;;;;Stx7;Card19;Pnrc1;Rps13;Cd48;;
Pcsk1n;;Slc39a7;Efcab1;;;;Junb;Selk;Adamts1;;;Sgce;Malat1;Isg20;Tfr2;Mpc1;Rps29;Fabp5;;;;;;;Gm10116;Cpne3;Tagap;Klrc1;Abhd17b;;
Vmp1;;Fos;Uap1;;;;Mgp;App;Cd36;;;Clec11a;Mt2;Phf10;Tomm40;Tmx4;Srgn;Zfp422;;;;;;;Lamtor4;Anxa3;Npc2;Ier2;Trappc5;;
Cyp51;;Cdh2;Fkbp10;;;;Igfbp3;Il7;Lmna;;;Tnxb;Ahnak2;Icam4;Hsp90aa1;Svip;Ranbp1;Fam96a;;;;;;;Hpcal1;Cdc42;Rpl14;Samd3;Gm2a;;
Ptp4a1;;Yif1a;Gadd45b;;;;Cd1d1;Cd200;Ptp4a1;;;Pcolce2;Lpar1;Dnajc9;Gar1;Cope;Gpi1;Bola2;;;;;;;Clec4a3;Gpi1;Rpl30;Klf6;Xbp1;;
Ncam1;;Bsg;Trim47;;;;Bst2;Cpxm1;Usmg5;;;Junb;Itgb5;Tyms;Hspe1;1700020L24Rik;Phgdh;Gart;;;;;;;Hp;Ier2;Tbc1d10c;Nfkbid;Spns3;;
Neat1;;Ctsh;Rarres1;;;;Sgce;Maged1;mt-Nd4;;;Tmed3;Rabac1;Lsm4;Eif4a1;Tnfaip8;Hint1;Capza2;;;;;;;Ccl3;Retnlg;Klf6;Pnrc1;Mgat1;;
Zdhhc20;;Rabac1;Pax1;;;;Tsc22d1;Fat1;Bnip2;;;Prrx1;Rras;Paqr9;Bcl11a;Bet1;Parl;Abracl;;;;;;;Mgst1;Aldh2;Gm9844;Arpc2;Fth1;;
Lgmn;;Shc2;P4ha1;;;;S1pr3;Angptl4;Asb2;;;Calu;Fth1;Aqp1;Noc2l;Exosc5;Gmfg;Ssr1;;;;;;;Ap1s2;Arpc4;Arl4c;Itgb7;Cd209a;;
Phgdh;;Hypk;1810037I17Rik;;;;Col4a1;Mdk;Sbspon;;;Ifi27;Cadm3;Tspan8;Rpl12;Tm7sf3;Pdia3;Tpi1;;;;;;;Myo1f;Cyb5r4;Arhgef1;Pycard;Cd180;;
Efcab14;;Gpx3;Tob1;;;;Slc6a6;Tuba1a;Rasl12;;;Pdgfra;Pdpn;Gfi1b;Minpp1;Mrpl19;Pkib;Rpl39;;;;;;;Fam111a;Padi4;Bcl11b;Clic1;Tnfaip8l2;;
Gpx4;;Sec31a;Ivns1abp;;;;Hes1;Ift43;Pde3a;;;Nfix;Timp3;Ssna1;Rps15a;G6pc3;Cks1b;Syngr2;;;;;;;Abracl;St3gal5;Il2rg;Tcf7;Ptpn18;;
Abhd12;;Gm10116;Sec62;;;;Aldh1a2;;Sh3bgrl;;;Crip2;Col6a1;Fam210b;Ruvbl1;S100a1;Pld4;Pdia3;;;;;;;Actb;Hcls1;Rpl27a;Arhgef1;Rabgap1l;;
Ttll7;;Ndufa1;Bsg;;;;Emp2;;Csrnp1;;;Hspg2;Col5a2;Ndufa5;Rps10;Cox5a;Lmnb1;Hint1;;;;;;;Sell;Rogdi;Rpl36a;Nr4a2;Psme1;;
Adap1;;Cnn2;Rps27rt;;;;Oat;;Lhfp;;;;Fkbp1a;Uqcrh;Spint2;Snrpf;Mbnl1;Cdk6;;;;;;;Gm2a;;Rpl3;Fam49b;Adpgk;;
Litaf;;C1qtnf6;Fibin;;;;Prdx4;;Itga7;;;;Mmp2;Cox7a2;Impdh2;Tmem258;Gstm1;Fkbp4;;;;;;;Pid1;;Cd247;Rpl6;Lamtor4;;
Arl2;;Grrp1;Nid2;;;;Snai2;;Mgst3;;;;Camk2n1;Uqcrfs1;Chchd2;B4galt6;Psmb9;Mcm3;;;;;;;Shfm1;;Cd37;H2-Ab1;Selt;;
Slc25a4;;Rcor2;Copz2;;;;Rgcc;;mt-Nd2;;;;Myadm;Rps7;Rpl38;Arpc1b;Adss;Exosc5;;;;;;;Plaur;;Gmfg;Cap1;Plac8;;
Edil3;;Gadd45g;Cnpy2;;;;Tmbim6;;Ccdc3;;;;Mtch1;Car1;Rpl37;Adgrg3;Rnpep;Impa2;;;;;;;Sp100;;Pfn1;Rab8a;Pmaip1;;
Tnfaip6;;Mydgf;Calm2;;;;Hsp90b1;;Mamdc2;;;;Ccl7;Hars;Pitrm1;Hspa5;Spcs3;Sh3bgrl3;;;;;;;Card19;;Ier2;;Rpgrip1;;
Sox10;;Chn1;Thbs1;;;;Cd81;;Timp3;;;;Ddr2;Ndufa12;Wapl;Aprt;Gsto1;Lyar;;;;;;;S100a11;;Klrd1;;Hes6;;
Atp1a1;;Cd9;Serpine1;;;;H2-Q7;;Vps37b;;;;Gpx8;Rpl9;Cct2;Cdca7;Tagln2;Umps;;;;;;;Atp6v0b;;;;Med10;;
Ubb;;Zfp652;Zbtb20;;;;Col6a2;;Spop;;;;Eif1;Tfrc;Tex30;Impa2;Pyhin1;Hprt;;;;;;;Emp3;;;;Rab33b;;
Tmem63a;;Tmem176a;Col6a2;;;;Ifi27;;Ccnd2;;;;Ifi27l2a;Add2;Eif3a;Fkbp11;Ptpn6;Nudc;;;;;;;Nrros;;;;Arpc5l;;
S100b;;Olfml3;Rtn4;;;;C3;;Zfp36;;;;Scara3;Mcm6;Oat;Hspd1;Idh1;Tpm3;;;;;;;Btg2;;;;Sh3bgr;;
Bpgm;;Cdr2l;Notum;;;;Ptprd;;Dusp1;;;;Selk;Asb17os;Sfxn1;Hsp90b1;Bola2;Hnrnpf;;;;;;;Cfl1;;;;Fgr;;
Tmem9b;;Msmp;Gfpt2;;;;Mmp23;;Tuba1a;;;;Antxr1;Ndufb10;Fkbp4;Stk16;Umps;Ywhae;;;;;;;AB124611;;;;Rnf187;;
Ddr1;;Tceal8;mt-Co1;;;;Spon1;;Irf1;;;;Mxra8;Ccnb1;Pes1;Pfn1;Pdia4;Arpc1b;;;;;;;Gpsm3;;;;Tnfaip8;;
Gjc3;;Ergic3;Egr1;;;;Selk;;mt-Co1;;;;Dpysl3;Cenpk;Rpl31;Ptma;Hnrnpu;Acot7;;;;;;;Sla;;;;Rnaset2a;;
Lpar1;;Hoxb2;Sema3d;;;;;;Emd;;;;Bgn;Psmd9;Rpl8;Cd63;Ptpn18;Cfp;;;;;;;Sap30;;;;Sec11c;;
Ptn;;Dpm3;4930523C07Rik;;;;;;Sertad1;;;;Wnt2;Cmc2;Acyp1;Psma6;2010107E04Rik;Rbbp7;;;;;;;Calm1;;;;Ramp1;;
Pmp22;;Smim14;Gng5;;;;;;Nfkbiz;;;;Gm2000;Ngfrap1;Hnrnpk;Umps;Milr1;Psmb9;;;;;;;Gmfg;;;;Prkcd;;
Faim2;;Enpp6;Rabac1;;;;;;Arhgap29;;;;Nsg1;Eef1g;Txnl1;Gorasp2;Hells;Fcgr3;;;;;;;Rap1a;;;;Dap;;
Tob1;;Bcar3;Malat1;;;;;;Atp5d;;;;Vit;Ptdss2;Srsf7;Cks2;Gapdh;Syce2;;;;;;;Pkm;;;;H13;;
Mt1;;Pofut2;Ecm2;;;;;;Aldoa;;;;Nfix;Pole3;Hnrnpf;M6pr;Tfec;Mcm5;;;;;;;Dok3;;;;Tbc1d8;;
Emc10;;Itga10;Fam129b;;;;;;Cdk11b;;;;Ndn;Mcm3;Rpl23;Syngr2;Npm1;Thyn1;;;;;;;Clic1;;;;Shisa5;;
Car2;;Fkbp9;Gpx8;;;;;;Nudt4;;;;Bmp1;mt-Co3;Ranbp1;Hsd11b1;Dmkn;Pycard;;;;;;;Vim;;;;Klra17;;
Aig1;;Dad1;Sdf4;;;;;;Mbnl2;;;;Aebp1;Mrps18c;Carnmt1;Mrpl33;Skap2;Rpl36al;;;;;;;Tm6sf1;;;;Fam174a;;
Fos;;Plcd1;Dad1;;;;;;Ier2;;;;Copz2;Rexo2;Galnt1;Rac2;Ndufa4;Dnajc2;;;;;;;H2-D1;;;;Hist3h2a;;
Marcksl1;;Rpl10;Comt;;;;;;Ech1;;;;Prelp;Nsmce4a;Apex1;Hsdl2;Atp5l;Rasgrp2;;;;;;;Gpr141;;;;Tmed3;;
Dpysl2;;Hpgd;Angptl2;;;;;;Wdr1;;;;Fez1;Mki67;Ruvbl2;Vat1;Hmgb1;Nsun2;;;;;;;Fn1;;;;Mpnd;;
Rap1a;;Entpd3;Zfp36;;;;;;mt-Co3;;;;Rtn4;Epor;Ddx39b;Ranbp1;Ywhae;Unc93b1;;;;;;;Csf1r;;;;Cdc42se1;;
Slc22a17;;Myo10;Gdf10;;;;;;Csrp2;;;;Sepp1;Cenph;Tnfaip2;Atp5g1;Trem3;Mcm6;;;;;;;Cnn2;;;;Atp1a1;;
Rhob;;Hdlbp;Efemp2;;;;;;Chchd2;;;;Creb5;Cox7c;Nifk;Tmem256;Erh;Stmn1;;;;;;;Nfam1;;;;Klf2;;
Elovl7;;P4ha1;Fzd9;;;;;;Ano1;;;;Cyr61;Bcas2;Zfp36l2;Nrros;Atp6v0b;Ssr2;;;;;;;Pyhin1;;;;Fcrla;;
Dnm3;;Tmed9;Ifrd1;;;;;;Hbegf;;;;Nfkbia;Cct7;Rps23;Cited2;Rps25;Arhgdib;;;;;;;Gsr;;;;H2-K1;;
Fkbp1a;;Sep15;Herpud1;;;;;;Gamt;;;;;Spc24;Rcl1;Eno1;Atp6v1b2;Rpn1;;;;;;;Arhgap9;;;;Rps6ka1;;
Omg;;Crtap;S100b;;;;;;Cav2;;;;;Asf1b;Alyref;Sh3bgrl3;Ms4a6b;Mapkapk3;;;;;;;Zfp36;;;;R3hdm4;;
Enpp6;;Pard6g;Morf4l2;;;;;;Cox7c;;;;;Rplp1;Eif3g;Parl;Prkcd;H2-DMa;;;;;;;Ctsb;;;;Skap2;;
Jam3;;Ptprs;Wisp3;;;;;;Tgfb1i1;;;;;Rps3a1;Mns1;Rpn1;Tmed9;Cacybp;;;;;;;Rac1;;;;Mef2c;;
Ppp2ca;;Alg5;Tuba1c;;;;;;Ndufa2;;;;;Dhfr;Rpl11;Npm1;Rpl22l1;Ctsz;;;;;;;Msn;;;;Fyn;;
Hs3st1;;Ccdc80;Myadm;;;;;;;;;;;Gadd45gip1;Ak2;Smim4;Rpl39;Fam105a;;;;;;;Psma7;;;;H2-Q7;;
Ado;;Fgfr1;Pla2g5;;;;;;;;;;;Dhrs11;1190007I07Rik;Mcee;Bphl;Cdk4;;;;;;;Skap2;;;;Pkib;;
Klhl2;;Tmem167;Srpx;;;;;;;;;;;Slc25a21;Rpl18a;Tmem97;Tpm3;Sap30;;;;;;;Aprt;;;;Nek6;;
Kif1bp;;Vdr;Tmem45a;;;;;;;;;;;Cox6b1;Mrto4;Fdps;Lat2;Rps25;;;;;;;Sema4a;;;;Cd209d;;
Rnf130;;2310022B05Rik;Gm10076;;;;;;;;;;;Ift140;Psmd7;Tuba4a;Tor1a;Bphl;;;;;;;Gm26532;;;;Cd72;;
Wbp2;;Tmed10;Pdia6;;;;;;;;;;;Pla2g16;Eif3i;Ssr1;Lsm6;M6pr;;;;;;;Idh1;;;;Lbh;;
Mlf2;;Tmem45a;Hhip;;;;;;;;;;;Eny2;Dap3;Rab44;Rpl35a;Hnrnpa3;;;;;;;Cyth4;;;;Stk17b;;
Tmbim1;;Rps28;;;;;;;;;;;;Uros;Snrpf;Mgat2;Cdca7;Vapa;;;;;;;Wdr1;;;;Ptp4a3;;
Gabbr1;;Dlx5;;;;;;;;;;;;Rps4x;Smap2;Chst12;Cdk6;Rpl38;;;;;;;Hexb;;;;Rpl13a;;
Map7d1;;Ssr1;;;;;;;;;;;;Cdca8;Trim28;Rps25;Hsp90b1;Nhp2;;;;;;;Clec12a;;;;Snx18;;
Pecam1;;;;;;;;;;;;;;Trim10;Rps11;Acot7;Rps19;Lsm3;;;;;;;Bri3;;;;Fam3c;;
Rnf5;;;;;;;;;;;;;;Cdt1;Hk1;Rpl38;Mgst1;Aldoa;;;;;;;Osm;;;;Fam49b;;
Lrrn1;;;;;;;;;;;;;;Slc43a1;Ier2;1700123O20Rik;Tkt;Idh1;;;;;;;Camkk2;;;;Tubgcp5;;
Insig1;;;;;;;;;;;;;;Atp5j;Tcp1;Msantd3;Tram1;Rsl1d1;;;;;;;Fam96a;;;;Abhd17a;;
Tulp4;;;;;;;;;;;;;;Rps13;Grwd1;Ero1l;Laptm5;Rpn2;;;;;;;Cytip;;;;Samhd1;;
Cfl2;;;;;;;;;;;;;;Plk1;Kcnn4;Chst13;Edem2;Tmed9;;;;;;;Pitpna;;;;Cdk2ap2;;
Sys1;;;;;;;;;;;;;;Psmb4;Gars;Tslp;Rpn1;Bloc1s2;;;;;;;Ltb4r1;;;;Asah1;;
Pacs2;;;;;;;;;;;;;;Mcm4;Rpl34;Rnpep;Nop10;Edem2;;;;;;;Klf4;;;;Pfdn5;;
Ypel2;;;;;;;;;;;;;;Aldh1a1;Epdr1;G3bp1;Spg21;Hnrnpk;;;;;;;Klf2;;;;Lyn;;
Taldo1;;;;;;;;;;;;;;Cox5b;Rexo2;1110001J03Rik;Capzb;Bcap29;;;;;;;Scand1;;;;Scand1;;
Gm15440;;;;;;;;;;;;;;Chchd2;Ewsr1;Lrrc59;Cfl1;Coro1a;;;;;;;Cyp4f18;;;;Atp2a1;;
Atp6ap1;;;;;;;;;;;;;;Mrpl20;Rps3a1;Taldo1;Ly6e;Rpl35a;;;;;;;Mndal;;;;Rpl10-ps3;;
Idi1;;;;;;;;;;;;;;Atp5j2;Wdr46;Rpl22l1;Csf2ra;Psma5;;;;;;;Sirpa;;;;Calm1;;
Gm26917;;;;;;;;;;;;;;Necap2;Isyna1;Serf2;Hnrnpa3;Krtcap2;;;;;;;Tmcc1;;;;Tmem229b;;
Ap2a1;;;;;;;;;;;;;;Abcb4;Psma5;Lyar;Actr2;Rgs18;;;;;;;Atp6v1b2;;;;Pqlc3;;
Pigz;;;;;;;;;;;;;;Smc2;Uchl3;Arpc2;Fam111a;Nt5dc2;;;;;;;Ctsa;;;;Atp6v1d;;
Atp6v0b;;;;;;;;;;;;;;Txnrd2;Lgals9;Pa2g4;Mapkapk3;Ruvbl2;;;;;;;Plac8;;;;Arhgap17;;
Nkd1;;;;;;;;;;;;;;Rbmxl1;Hspa8;BC035044;Casp1;Tmed3;;;;;;;Lcp1;;;;Tubb2a;;
Tspan3;;;;;;;;;;;;;;Lsm2;Mospd3;Tpi1;Impa2;Manf;;;;;;;Hexa;;;;Limd2;;
Slc24a2;;;;;;;;;;;;;;Ndufv1;Ifrd2;Wdr12;Ssr2;Tm7sf3;;;;;;;Sec11c;;;;Actb;;
Ppp2r2c;;;;;;;;;;;;;;Cdc20;Fermt3;Tspan32;Tmem165;Cbfb;;;;;;;Ptprc;;;;Cdc42se2;;
Inpp5f;;;;;;;;;;;;;;Ccdc34;Aasdhppt;Cdk6;Ethe1;Prss57;;;;;;;Ifngr2;;;;Ifnar1;;
Saraf;;;;;;;;;;;;;;Nudt19;Grb2;Lamtor4;;Vrk1;;;;;;;Myo1g;;;;Gm8953;;
Cdc42ep2;;;;;;;;;;;;;;Psip1;Pfn1;Ptpn7;;Rrs1;;;;;;;Rgs19;;;;Net1;;
Ank2;;;;;;;;;;;;;;Atp5g3;Frat2;Lcp1;;Celf2;;;;;;;Fam69a;;;;Paqr5;;
Atp9a;;;;;;;;;;;;;;Uqcrc1;Cnbp;Pdcd4;;Tuba1b;;;;;;;Psmb8;;;;Arhgap9;;
Degs1;;;;;;;;;;;;;;Pklr;Rae1;Ost4;;Naa50;;;;;;;Ifngr1;;;;Rpl13a-ps1;;
Rab4a;;;;;;;;;;;;;;Rgs10;Nip7;Parvg;;Pebp1;;;;;;;Snx20;;;;Gngt2;;
Bnip3l;;;;;;;;;;;;;;Erh;Rpl7;Cenpw;;Casp1;;;;;;;Susd3;;;;Stambpl1;;
Trim59;;;;;;;;;;;;;;Tuba1b;Atad3a;Lman1;;Rpl3;;;;;;;Neat1;;;;Ubl3;;
Gpr62;;;;;;;;;;;;;;Rpl30;Lap3;Frat2;;Lmo2;;;;;;;Pomp;;;;Epsti1;;
Cdc37l1;;;;;;;;;;;;;;Kif22;Tmem147;Spns3;;Idh3a;;;;;;;Ly6i;;;;Ptpn1;;
Sort1;;;;;;;;;;;;;;Rad51ap1;Rbm25;Fam136a;;Eif2s1;;;;;;;Pygl;;;;BC147527;;
Itm2b;;;;;;;;;;;;;;Taldo1;Rps13;Tmem248;;Gpx1;;;;;;;Ctage5;;;;Cxcr3;;
Nfix;;;;;;;;;;;;;;Tmem238;Ppm1g;Stt3a;;Park7;;;;;;;H2-Ab1;;;;Hn1;;
Rcan2;;;;;;;;;;;;;;Hat1;Galk1;Dctpp1;;G6pc3;;;;;;;Cmpk1;;;;Psmb9;;
Gabarapl2;;;;;;;;;;;;;;Exosc8;Phb2;Erh;;Pfn1;;;;;;;Mnda;;;;H2-M3;;
Grb14;;;;;;;;;;;;;;Fahd1;Rpl13a;Rrs1;;Snrpd2;;;;;;;H2afx;;;;Cd164;;
Pfn2;;;;;;;;;;;;;;Dpy30;Eef1e1;1110008F13Rik;;Cfl1;;;;;;;Pfdn5;;;;Klk1;;
Hepacam;;;;;;;;;;;;;;Tcp1;Cirh1a;Csf2ra;;Tifab;;;;;;;Nadk;;;;Rell1;;
Slc12a2;;;;;;;;;;;;;;Hagh;Ddx21;Nudcd2;;2010107E04Rik;;;;;;;Emilin2;;;;Atp6v0b;;
Clip3;;;;;;;;;;;;;;Psmf1;Wdr77;Ncf4;;Caprin1;;;;;;;S100a10;;;;Gnb2;;
Atp6v0e2;;;;;;;;;;;;;;Abcb10;Ppa1;Abhd11;;Ak2;;;;;;;Hspa1a;;;;Kctd12;;
Lgi3;;;;;;;;;;;;;;Slc25a38;Eif3m;Idh1;;Lrrc59;;;;;;;Epsti1;;;;BC017643;;
Fgfr2;;;;;;;;;;;;;;Mtfr1;Rrp15;Tram1;;Ppa1;;;;;;;Brk1;;;;Fgd2;;
Eml2;;;;;;;;;;;;;;Sphk1;Rpl24;P4hb;;Ppid;;;;;;;H2-DMb1;;;;Sms;;
Tmed10;;;;;;;;;;;;;;Cct5;Urod;Rtn3;;Trap1;;;;;;;Cx3cr1;;;;Rogdi;;
Hmox2;;;;;;;;;;;;;;Ranbp1;Srrm1;Mlec;;Agpat5;;;;;;;Apbb1ip;;;;Gpsm3;;
Rtn3;;;;;;;;;;;;;;Nudt21;Eif3d;Limd2;;Atic;;;;;;;Milr1;;;;Flt3;;
Ptprd;;;;;;;;;;;;;;Kel;Polr2e;Fkbp4;;Wdr12;;;;;;;Reep5;;;;Gm5547;;
Prr5l;;;;;;;;;;;;;;mt-Nd1;Ddx27;Rpa3;;Fam136a;;;;;;;Irf8;;;;Msmo1;;
Plin3;;;;;;;;;;;;;;Hist1h2ap;Srsf6;Hnrnpa3;;Gria3;;;;;;;Tmpo;;;;Prr5;;
Cpox;;;;;;;;;;;;;;Rnaseh2c;2310039H08Rik;Rsl24d1;;Atp5g1;;;;;;;Flna;;;;Tram1;;
Gdi1;;;;;;;;;;;;;;Ndufs6;Idh3g;Ncf1;;Tagln2;;;;;;;Clta;;;;Cd69;;
Sv2a;;;;;;;;;;;;;;Tfr2;Htra2;Cks1b;;Nme1;;;;;;;Ypel3;;;;PISD;;
Enpp5;;;;;;;;;;;;;;Slc4a1;Rps20;Mtus1;;Tmem165;;;;;;;Dbi;;;;Cdc42;;
Scg5;;;;;;;;;;;;;;Nudt9;Exosc7;Ethe1;;Ptges3;;;;;;;Sirpb1c;;;;mt-Co3;;
Kcnk13;;;;;;;;;;;;;;Mrps14;Wdr61;Dpy30;;Gorasp2;;;;;;;Slpi;;;;Trib1;;
Clcn4;;;;;;;;;;;;;;Cox6c;Gcsh;Gda;;Ostc;;;;;;;Aldh3b1;;;;Ogt;;
Sqle;;;;;;;;;;;;;;Mrps36;Tsfm;Sdhd;;Rpl11;;;;;;;Tlr2;;;;Xist;;
Pim3;;;;;;;;;;;;;;Kcnn4;Necap2;Pxylp1;;Lsm6;;;;;;;Psme1;;;;Ech1;;
Anln;;;;;;;;;;;;;;Srsf3;Rad23b;Gmfg;;Smarcc1;;;;;;;Chil3;;;;P2ry14;;
Ktn1;;;;;;;;;;;;;;Tal1;Ddx39;As3mt;;Usp14;;;;;;;Cdkn2d;;;;Ctsc;;
Prr18;;;;;;;;;;;;;;Sec14l2;Nhp2;Cyba;;Hspa4;;;;;;;Unc119;;;;Ldhb;;
Cntn2;;;;;;;;;;;;;;Eif3k;Gmps;Impdh1;;Hsp90ab1;;;;;;;Rhoa;;;;Arl5c;;
Serinc1;;;;;;;;;;;;;;Bex4;Tomm5;Mrgpra2b;;Dars;;;;;;;Efhd2;;;;Herpud1;;
Klk6;;;;;;;;;;;;;;Pnp;Vdac1;Srp68;;Nudcd2;;;;;;;Ccdc12;;;;Tagln2;;
Desi1;;;;;;;;;;;;;;Mboat2;Brix1;Ebna1bp2;;Fcgr2b;;;;;;;Hmgb2;;;;Sirpa;;
Enpp4;;;;;;;;;;;;;;Fbxo5;Phf10;Tm9sf3;;Fdps;;;;;;;Myadm;;;;Atf6b;;
Pacsin3;;;;;;;;;;;;;;Snrpd3;Slc25a21;Gusb;;Psat1;;;;;;;Atox1;;;;Stat1;;
1700047M11Rik;;;;;;;;;;;;;;Asf1a;Tnfaip3;Dnajb11;;Naa20;;;;;;;Lilra6;;;;;;
Ddrgk1;;;;;;;;;;;;;;Tma7;Fam195a;Dnajc2;;Adss;;;;;;;Ptpro;;;;;;
Pip4k2a;;;;;;;;;;;;;;Fignl1;Immt;Ldha;;Ipo5;;;;;;;Plp2;;;;;;
Arpc1a;;;;;;;;;;;;;;C1qbp;Psme3;Gart;;Tram1;;;;;;;Rap1b;;;;;;
Comt;;;;;;;;;;;;;;Snrpa1;Bclaf1;Tma7;;Gtpbp4;;;;;;;Itgam;;;;;;
Nacc2;;;;;;;;;;;;;;Psma1;Ubap2l;Hexa;;Rpf2;;;;;;;Atp6v0e;;;;;;
Cd82;;;;;;;;;;;;;;Abcb6;Ssb;Rpl35a;;Psmb2;;;;;;;Clec4a1;;;;;;
Gstp1;;;;;;;;;;;;;;Rps14;Wrn;Nucb2;;Rpl28;;;;;;;Sept9;;;;;;
Glrb;;;;;;;;;;;;;;Dnajc19;Pus1;Zfp422;;Milr1;;;;;;;Tep1;;;;;;
Emc7;;;;;;;;;;;;;;Psmd4;Rpl35a;Eif4g2;;Gar1;;;;;;;Mbnl1;;;;;;
Ldhb;;;;;;;;;;;;;;Svbp;Ftsj3;Hmgn5;;Tomm20;;;;;;;Fis1;;;;;;
Nmral1;;;;;;;;;;;;;;Gid8;Prpf19;Nans;;Parp8;;;;;;;Pmaip1;;;;;;
Gm42726;;;;;;;;;;;;;;Rfc5;Nadk2;Bcap29;;Suclg1;;;;;;;Tsc22d3;;;;;;
Fdft1;;;;;;;;;;;;;;Syngr1;Gspt1;Emb;;Rad23b;;;;;;;B2m;;;;;;
Map1a;;;;;;;;;;;;;;Psmd6;Ddx18;Clec4a2;;Wdr43;;;;;;;Fcnb;;;;;;
Aes;;;;;;;;;;;;;;Polr2j;Vars;Mdh1;;Gatm;;;;;;;Coro1b;;;;;;
Rab10;;;;;;;;;;;;;;Esco2;Eef1b2;Mydgf;;Nolc1;;;;;;;Ppp1ca;;;;;;
Jun;;;;;;;;;;;;;;Mad2l1;Rpl27a;Cacybp;;Gmfg;;;;;;;Stxbp6;;;;;;
Kif21a;;;;;;;;;;;;;;Tango2;Asns;Ruvbl2;;Idh3g;;;;;;;Fes;;;;;;
Jund;;;;;;;;;;;;;;Tsn;Prmt7;Ncf2;;Ppih;;;;;;;Ralb;;;;;;
Cxx1a;;;;;;;;;;;;;;Ndufs3;Mrpl32;Psmg1;;Nono;;;;;;;Atp6v1g1;;;;;;
Gpd1;;;;;;;;;;;;;;Cela1;Rpl18;Arpc4;;Casp8;;;;;;;Hacd4;;;;;;
Rcbtb1;;;;;;;;;;;;;;Mllt3;Hmgn5;Rps17;;Lman1;;;;;;;Twf2;;;;;;
Slc6a9;;;;;;;;;;;;;;Selenbp1;Selenbp1;Cct8;;Prdx1;;;;;;;Commd8;;;;;;
Arsg;;;;;;;;;;;;;;Eif3i;Abce1;Hells;;Mrpl12;;;;;;;Dazap2;;;;;;
Efhd1;;;;;;;;;;;;;;Rpl12;Rps25;Psmb8;;Psme2;;;;;;;Sirpb1b;;;;;;
Atxn7l3b;;;;;;;;;;;;;;Tmem120b;Nudcd2;Gar1;;Capzb;;;;;;;Pira2;;;;;;
Aatk;;;;;;;;;;;;;;Cks1b;Acadl;Gbe1;;Gm2a;;;;;;;Fgr;;;;;;
Hsbp1;;;;;;;;;;;;;;Ppox;Pabpc4;Ola1;;Atp5l;;;;;;;Rnpep;;;;;;
Cisd1;;;;;;;;;;;;;;Apeh;Stip1;Apex1;;Laptm5;;;;;;;Adssl1;;;;;;
Carhsp1;;;;;;;;;;;;;;Mylpf;Bcap29;Chchd4;;Frrs1;;;;;;;Stk24;;;;;;
Prkcz;;;;;;;;;;;;;;Aurka;Snx5;Rnaset2b;;Mrpl42;;;;;;;;;;;;;
Itgb4;;;;;;;;;;;;;;Spc25;Nap1l1;Acot9;;Eif3b;;;;;;;;;;;;;
Scarb2;;;;;;;;;;;;;;Ssrp1;G6pc3;Hmgb1;;Psma1;;;;;;;;;;;;;
Tubb3;;;;;;;;;;;;;;Fundc2;Timm10;;;Cct4;;;;;;;;;;;;;
Fnbp1;;;;;;;;;;;;;;Psmb7;Syncrip;;;Tnfaip8;;;;;;;;;;;;;
Kazn;;;;;;;;;;;;;;Mtfp1;Llph;;;Mlec;;;;;;;;;;;;;
Tmem125;;;;;;;;;;;;;;Josd2;Twistnb;;;Bcl2;;;;;;;;;;;;;
Pttg1;;;;;;;;;;;;;;Nup85;Npepl1;;;Wdr18;;;;;;;;;;;;;
Dusp15;;;;;;;;;;;;;;2010107E04Rik;Nob1;;;Parvg;;;;;;;;;;;;;
Otud7b;;;;;;;;;;;;;;Rps25;Kcng2;;;Nipsnap3b;;;;;;;;;;;;;
Ralgds;;;;;;;;;;;;;;Samd14;Hnrnpab;;;Pdcd4;;;;;;;;;;;;;
Pde6d;;;;;;;;;;;;;;Cenpw;Samm50;;;Fbl;;;;;;;;;;;;;
Frmd8;;;;;;;;;;;;;;Emg1;Utp14a;;;Sae1;;;;;;;;;;;;;
Fam134b;;;;;;;;;;;;;;Gtf2a2;Wdr18;;;Ola1;;;;;;;;;;;;;
Gde1;;;;;;;;;;;;;;Slc46a3;Nup62;;;Sypl;;;;;;;;;;;;;
Pigyl;;;;;;;;;;;;;;Scrn3;Dlat;;;;;;;;;;;;;;;;
Calm1;;;;;;;;;;;;;;Mcm5;Phb;;;;;;;;;;;;;;;;
Kif1a;;;;;;;;;;;;;;Prim1;Ppan;;;;;;;;;;;;;;;;
Kcnj10;;;;;;;;;;;;;;D030056L22Rik;Btf3;;;;;;;;;;;;;;;;
Klf13;;;;;;;;;;;;;;Eif3m;Nucks1;;;;;;;;;;;;;;;;
Anapc11;;;;;;;;;;;;;;Tmem56;Nudt5;;;;;;;;;;;;;;;;
Larp6;;;;;;;;;;;;;;Ammecr1;Snrpd3;;;;;;;;;;;;;;;;
Endod1;;;;;;;;;;;;;;Cdk1;Hnrnpd;;;;;;;;;;;;;;;;
1810037I17Rik;;;;;;;;;;;;;;Memo1;Snrpa1;;;;;;;;;;;;;;;;
Aktip;;;;;;;;;;;;;;Prkag1;Dhrs4;;;;;;;;;;;;;;;;
1190005I06Rik;;;;;;;;;;;;;;Rnaseh2b;Ran;;;;;;;;;;;;;;;;
Sft2d1;;;;;;;;;;;;;;Cct8;Nhp2l1;;;;;;;;;;;;;;;;
Gna12;;;;;;;;;;;;;;Gins4;Vdac2;;;;;;;;;;;;;;;;
Bmyc;;;;;;;;;;;;;;Psmc2;Aatf;;;;;;;;;;;;;;;;
Fam213a;;;;;;;;;;;;;;Slc14a1;Dtd1;;;;;;;;;;;;;;;;
Itpk1;;;;;;;;;;;;;;St3gal6;Gnl2;;;;;;;;;;;;;;;;
Cxx1b;;;;;;;;;;;;;;Pabpc4;Ninj1;;;;;;;;;;;;;;;;
Lrp1b;;;;;;;;;;;;;;Rpl41;Ndufa1;;;;;;;;;;;;;;;;
Snapin;;;;;;;;;;;;;;Abcg2;;;;;;;;;;;;;;;;;
Gm8797;;;;;;;;;;;;;;Nhp2;;;;;;;;;;;;;;;;;
Phlda3;;;;;;;;;;;;;;Ska1;;;;;;;;;;;;;;;;;
Aplp2;;;;;;;;;;;;;;Chaf1b;;;;;;;;;;;;;;;;;
Ywhae;;;;;;;;;;;;;;Cox5a;;;;;;;;;;;;;;;;;
Tmem59;;;;;;;;;;;;;;Slc16a10;;;;;;;;;;;;;;;;;
Rsrp1;;;;;;;;;;;;;;Fbxo7;;;;;;;;;;;;;;;;;
Nfasc;;;;;;;;;;;;;;Rps21;;;;;;;;;;;;;;;;;
Myrf;;;;;;;;;;;;;;Rps16;;;;;;;;;;;;;;;;;
Ccdc13;;;;;;;;;;;;;;Cdk4;;;;;;;;;;;;;;;;;
Ypel3;;;;;;;;;;;;;;Nol7;;;;;;;;;;;;;;;;;
Map7;;;;;;;;;;;;;;Pnp2;;;;;;;;;;;;;;;;;
Ilvbl;;;;;;;;;;;;;;Ndufb7;;;;;;;;;;;;;;;;;
Bcl2l1;;;;;;;;;;;;;;Rpa1;;;;;;;;;;;;;;;;;
Rufy3;;;;;;;;;;;;;;Vamp5;;;;;;;;;;;;;;;;;
Fah;;;;;;;;;;;;;;Stmn1;;;;;;;;;;;;;;;;;
Adssl1;;;;;;;;;;;;;;Psmd7;;;;;;;;;;;;;;;;;
Myo6;;;;;;;;;;;;;;Snx3;;;;;;;;;;;;;;;;;
Dpy19l1;;;;;;;;;;;;;;Psma2;;;;;;;;;;;;;;;;;
Cltb;;;;;;;;;;;;;;Sh2d4a;;;;;;;;;;;;;;;;;
Acaa1a;;;;;;;;;;;;;;Slc39a8;;;;;;;;;;;;;;;;;
Dnajb1;;;;;;;;;;;;;;Ttll12;;;;;;;;;;;;;;;;;
Tprn;;;;;;;;;;;;;;Ssx2ip;;;;;;;;;;;;;;;;;
Fbxo2;;;;;;;;;;;;;;Top2a;;;;;;;;;;;;;;;;;
Ndfip2;;;;;;;;;;;;;;Lpcat3;;;;;;;;;;;;;;;;;
Pak1;;;;;;;;;;;;;;Xpnpep1;;;;;;;;;;;;;;;;;
Plk3;;;;;;;;;;;;;;Cyb5a;;;;;;;;;;;;;;;;;
Chn2;;;;;;;;;;;;;;Atp5d;;;;;;;;;;;;;;;;;
Bcas1;;;;;;;;;;;;;;Eef1b2;;;;;;;;;;;;;;;;;
Mrfap1;;;;;;;;;;;;;;Dscc1;;;;;;;;;;;;;;;;;
Sox8;;;;;;;;;;;;;;Aunip;;;;;;;;;;;;;;;;;
Arrdc3;;;;;;;;;;;;;;Acp5;;;;;;;;;;;;;;;;;
Pgp;;;;;;;;;;;;;;Hmmr;;;;;;;;;;;;;;;;;
Insc;;;;;;;;;;;;;;Gypc;;;;;;;;;;;;;;;;;
Map6d1;;;;;;;;;;;;;;Atp5a1;;;;;;;;;;;;;;;;;
Tmcc2;;;;;;;;;;;;;;Rgs12;;;;;;;;;;;;;;;;;
Kcna1;;;;;;;;;;;;;;Pbk;;;;;;;;;;;;;;;;;
Acot1;;;;;;;;;;;;;;2700029M09Rik;;;;;;;;;;;;;;;;;
Ephb1;;;;;;;;;;;;;;Mrpl51;;;;;;;;;;;;;;;;;
Rnd2;;;;;;;;;;;;;;Emc9;;;;;;;;;;;;;;;;;
Lmbrd1;;;;;;;;;;;;;;Pgp;;;;;;;;;;;;;;;;;
Eml1;;;;;;;;;;;;;;Syce2;;;;;;;;;;;;;;;;;
Pithd1;;;;;;;;;;;;;;Txn2;;;;;;;;;;;;;;;;;
Cfl1;;;;;;;;;;;;;;Srsf7;;;;;;;;;;;;;;;;;
Klhl4;;;;;;;;;;;;;;Ndufs7;;;;;;;;;;;;;;;;;
Aldoc;;;;;;;;;;;;;;Lockd;;;;;;;;;;;;;;;;;
Enoph1;;;;;;;;;;;;;;Alas2;;;;;;;;;;;;;;;;;
Elovl5;;;;;;;;;;;;;;Mrpl14;;;;;;;;;;;;;;;;;
Rab6a;;;;;;;;;;;;;;Apip;;;;;;;;;;;;;;;;;
Sec62;;;;;;;;;;;;;;Grina;;;;;;;;;;;;;;;;;
Ttyh2;;;;;;;;;;;;;;Mthfd1;;;;;;;;;;;;;;;;;
Ctnnbip1;;;;;;;;;;;;;;Hist1h4i;;;;;;;;;;;;;;;;;
Gnao1;;;;;;;;;;;;;;Rnaseh2a;;;;;;;;;;;;;;;;;
Fis1;;;;;;;;;;;;;;Gm11837;;;;;;;;;;;;;;;;;
Arc;;;;;;;;;;;;;;Pdzk1ip1;;;;;;;;;;;;;;;;;
Serpind1;;;;;;;;;;;;;;Bag1;;;;;;;;;;;;;;;;;
Ube2d1;;;;;;;;;;;;;;Ccne2;;;;;;;;;;;;;;;;;
Hspa8;;;;;;;;;;;;;;Ppm1g;;;;;;;;;;;;;;;;;
Opalin;;;;;;;;;;;;;;Eif1ax;;;;;;;;;;;;;;;;;
Ncald;;;;;;;;;;;;;;Hnrnpab;;;;;;;;;;;;;;;;;
Slc2a1;;;;;;;;;;;;;;Cenpm;;;;;;;;;;;;;;;;;
Pura;;;;;;;;;;;;;;Haus4;;;;;;;;;;;;;;;;;
Gamt;;;;;;;;;;;;;;Gpsm2;;;;;;;;;;;;;;;;;
Tppp;;;;;;;;;;;;;;Oip5;;;;;;;;;;;;;;;;;
Atp1b3;;;;;;;;;;;;;;Gins2;;;;;;;;;;;;;;;;;
Reep5;;;;;;;;;;;;;;Dnajc8;;;;;;;;;;;;;;;;;
Lzts2;;;;;;;;;;;;;;Pigq;;;;;;;;;;;;;;;;;
Deb1;;;;;;;;;;;;;;Cd82;;;;;;;;;;;;;;;;;
Elovl1;;;;;;;;;;;;;;Zfpm1;;;;;;;;;;;;;;;;;
Adamts4;;;;;;;;;;;;;;Mfsd2b;;;;;;;;;;;;;;;;;
Abhd17b;;;;;;;;;;;;;;Pfkm;;;;;;;;;;;;;;;;;
Nipal4;;;;;;;;;;;;;;March5;;;;;;;;;;;;;;;;;
Cyp2j12;;;;;;;;;;;;;;Odc1;;;;;;;;;;;;;;;;;
Fam168a;;;;;;;;;;;;;;Creg1;;;;;;;;;;;;;;;;;
Pla2g16;;;;;;;;;;;;;;Smim5;;;;;;;;;;;;;;;;;
Apbb2;;;;;;;;;;;;;;Cdc45;;;;;;;;;;;;;;;;;
Pls1;;;;;;;;;;;;;;Ndufc2;;;;;;;;;;;;;;;;;
Bpnt1;;;;;;;;;;;;;;Rpl28;;;;;;;;;;;;;;;;;
Sepw1;;;;;;;;;;;;;;Rps3;;;;;;;;;;;;;;;;;
Gng8;;;;;;;;;;;;;;5730508B09Rik;;;;;;;;;;;;;;;;;
Secisbp2l;;;;;;;;;;;;;;Gclc;;;;;;;;;;;;;;;;;
Stxbp3;;;;;;;;;;;;;;Klhl12;;;;;;;;;;;;;;;;;
Rasgrp3;;;;;;;;;;;;;;Dhrs4;;;;;;;;;;;;;;;;;
Txndc16;;;;;;;;;;;;;;Snrnp40;;;;;;;;;;;;;;;;;
Slc35a2;;;;;;;;;;;;;;Pfdn6;;;;;;;;;;;;;;;;;
Rtkn;;;;;;;;;;;;;;Pck2;;;;;;;;;;;;;;;;;
Hist1h2bc;;;;;;;;;;;;;;Epb42;;;;;;;;;;;;;;;;;
Ociad1;;;;;;;;;;;;;;Ncapg2;;;;;;;;;;;;;;;;;
Ppp1r16b;;;;;;;;;;;;;;Hist1h2ae;;;;;;;;;;;;;;;;;
Spg20;;;;;;;;;;;;;;Pdap1;;;;;;;;;;;;;;;;;
Gkap1;;;;;;;;;;;;;;Rpain;;;;;;;;;;;;;;;;;
Mapre2;;;;;;;;;;;;;;Sptb;;;;;;;;;;;;;;;;;
Rab14;;;;;;;;;;;;;;Rps15a;;;;;;;;;;;;;;;;;
Plcl1;;;;;;;;;;;;;;Spta1;;;;;;;;;;;;;;;;;
Ank3;;;;;;;;;;;;;;Rpl35;;;;;;;;;;;;;;;;;
BC031181;;;;;;;;;;;;;;Gatm;;;;;;;;;;;;;;;;;
Usp31;;;;;;;;;;;;;;Hbb-bs;;;;;;;;;;;;;;;;;
Tmem229a;;;;;;;;;;;;;;Cdkn3;;;;;;;;;;;;;;;;;
Anks1b;;;;;;;;;;;;;;Nap1l1;;;;;;;;;;;;;;;;;
Ninj2;;;;;;;;;;;;;;Atg4b;;;;;;;;;;;;;;;;;
2310022B05Rik;;;;;;;;;;;;;;Spire1;;;;;;;;;;;;;;;;;
Rabac1;;;;;;;;;;;;;;mt-Atp6;;;;;;;;;;;;;;;;;
Eid1;;;;;;;;;;;;;;Dtl;;;;;;;;;;;;;;;;;
Hsp90aa1;;;;;;;;;;;;;;Med8;;;;;;;;;;;;;;;;;
Stard3;;;;;;;;;;;;;;Epn1;;;;;;;;;;;;;;;;;
Actr1a;;;;;;;;;;;;;;Dck;;;;;;;;;;;;;;;;;
Vimp;;;;;;;;;;;;;;Rpl32;;;;;;;;;;;;;;;;;
Atp6v0d1;;;;;;;;;;;;;;Hint1;;;;;;;;;;;;;;;;;
Dctn3;;;;;;;;;;;;;;Pycr2;;;;;;;;;;;;;;;;;
Limch1;;;;;;;;;;;;;;Mrpl30;;;;;;;;;;;;;;;;;
Hdhd2;;;;;;;;;;;;;;Pxmp2;;;;;;;;;;;;;;;;;
Bhlhe41;;;;;;;;;;;;;;Vkorc1l1;;;;;;;;;;;;;;;;;
Pou3f1;;;;;;;;;;;;;;Carhsp1;;;;;;;;;;;;;;;;;
Snx15;;;;;;;;;;;;;;Ube2l6;;;;;;;;;;;;;;;;;
Slu7;;;;;;;;;;;;;;Rpia;;;;;;;;;;;;;;;;;
Specc1;;;;;;;;;;;;;;Ruvbl1;;;;;;;;;;;;;;;;;
Tyro3;;;;;;;;;;;;;;Prkar2b;;;;;;;;;;;;;;;;;
Phldb1;;;;;;;;;;;;;;Cox8a;;;;;;;;;;;;;;;;;
Grhpr;;;;;;;;;;;;;;1300002E11Rik;;;;;;;;;;;;;;;;;
Daam2;;;;;;;;;;;;;;Nudt5;;;;;;;;;;;;;;;;;
Igsf8;;;;;;;;;;;;;;Anp32e;;;;;;;;;;;;;;;;;
Ppp2r1a;;;;;;;;;;;;;;Gins1;;;;;;;;;;;;;;;;;
Slc35e4;;;;;;;;;;;;;;Rpl36al;;;;;;;;;;;;;;;;;
Hiat1;;;;;;;;;;;;;;Osgepl1;;;;;;;;;;;;;;;;;
Iqsec1;;;;;;;;;;;;;;Orc5;;;;;;;;;;;;;;;;;
Npc1;;;;;;;;;;;;;;Rfc3;;;;;;;;;;;;;;;;;
Nfe2l3;;;;;;;;;;;;;;Tacc3;;;;;;;;;;;;;;;;;
Aif1l;;;;;;;;;;;;;;Uhrf1;;;;;;;;;;;;;;;;;
Nrbp2;;;;;;;;;;;;;;Banf1;;;;;;;;;;;;;;;;;
Laptm4b;;;;;;;;;;;;;;Ptrh2;;;;;;;;;;;;;;;;;
Trim13;;;;;;;;;;;;;;Stom;;;;;;;;;;;;;;;;;
Atp6ap2;;;;;;;;;;;;;;Hnrnpa2b1;;;;;;;;;;;;;;;;;
Smdt1;;;;;;;;;;;;;;Gm28727;;;;;;;;;;;;;;;;;
Gabarap;;;;;;;;;;;;;;Mkrn1;;;;;;;;;;;;;;;;;
Mpzl1;;;;;;;;;;;;;;Ybx3;;;;;;;;;;;;;;;;;
Tm7sf3;;;;;;;;;;;;;;Ucp2;;;;;;;;;;;;;;;;;
Psap;;;;;;;;;;;;;;Aldh1a7;;;;;;;;;;;;;;;;;
Atp2c1;;;;;;;;;;;;;;Atp8a1;;;;;;;;;;;;;;;;;
Prox1;;;;;;;;;;;;;;Mrpl35;;;;;;;;;;;;;;;;;
Igsf11;;;;;;;;;;;;;;Hist1h1b;;;;;;;;;;;;;;;;;
Fam131b;;;;;;;;;;;;;;Rangap1;;;;;;;;;;;;;;;;;
Mat2a;;;;;;;;;;;;;;Rnf187;;;;;;;;;;;;;;;;;
Ube2e2;;;;;;;;;;;;;;Rpl36a;;;;;;;;;;;;;;;;;
Trim3;;;;;;;;;;;;;;Fam213a;;;;;;;;;;;;;;;;;
Slc25a27;;;;;;;;;;;;;;Slc11a2;;;;;;;;;;;;;;;;;
Pnkd;;;;;;;;;;;;;;Dap3;;;;;;;;;;;;;;;;;
Papss1;;;;;;;;;;;;;;Pbdc1;;;;;;;;;;;;;;;;;
Rac1;;;;;;;;;;;;;;Cfdp1;;;;;;;;;;;;;;;;;
S100a1;;;;;;;;;;;;;;Snrpb;;;;;;;;;;;;;;;;;
Kif3a;;;;;;;;;;;;;;Ccnf;;;;;;;;;;;;;;;;;
Puf60;;;;;;;;;;;;;;Dtwd1;;;;;;;;;;;;;;;;;
Rab31;;;;;;;;;;;;;;Tpx2;;;;;;;;;;;;;;;;;
Abcg1;;;;;;;;;;;;;;Sri;;;;;;;;;;;;;;;;;
Sulf2;;;;;;;;;;;;;;Aaas;;;;;;;;;;;;;;;;;
Fermt2;;;;;;;;;;;;;;Pitrm1;;;;;;;;;;;;;;;;;
P4htm;;;;;;;;;;;;;;A430005L14Rik;;;;;;;;;;;;;;;;;
Rab3a;;;;;;;;;;;;;;Slc43a3;;;;;;;;;;;;;;;;;
Paqr6;;;;;;;;;;;;;;Rbm3;;;;;;;;;;;;;;;;;
Fbxo7;;;;;;;;;;;;;;Usp15;;;;;;;;;;;;;;;;;
Inf2;;;;;;;;;;;;;;Dmtn;;;;;;;;;;;;;;;;;
Msmp;;;;;;;;;;;;;;Mylk3;;;;;;;;;;;;;;;;;
Pmm1;;;;;;;;;;;;;;Tmx1;;;;;;;;;;;;;;;;;
Gpd2;;;;;;;;;;;;;;Mybl2;;;;;;;;;;;;;;;;;
Eif4a2;;;;;;;;;;;;;;Dlgap5;;;;;;;;;;;;;;;;;
Pik3c2b;;;;;;;;;;;;;;Stx2;;;;;;;;;;;;;;;;;
Plpp2;;;;;;;;;;;;;;Impdh2;;;;;;;;;;;;;;;;;
Rffl;;;;;;;;;;;;;;Mtch2;;;;;;;;;;;;;;;;;
Gab1;;;;;;;;;;;;;;Psma3;;;;;;;;;;;;;;;;;
Tspyl4;;;;;;;;;;;;;;Rpl6;;;;;;;;;;;;;;;;;
Vamp2;;;;;;;;;;;;;;Timm8b;;;;;;;;;;;;;;;;;
Lamp2;;;;;;;;;;;;;;Pfdn1;;;;;;;;;;;;;;;;;
Agap1;;;;;;;;;;;;;;Isca2;;;;;;;;;;;;;;;;;
Chmp7;;;;;;;;;;;;;;Psmd14;;;;;;;;;;;;;;;;;
Mmd2;;;;;;;;;;;;;;Mrpl52;;;;;;;;;;;;;;;;;
Faim;;;;;;;;;;;;;;Psmc6;;;;;;;;;;;;;;;;;
;;;;;;;;;;;;;;Rbx1;;;;;;;;;;;;;;;;;
;;;;;;;;;;;;;;Acss1;;;;;;;;;;;;;;;;;
;;;;;;;;;;;;;;St3gal5;;;;;;;;;;;;;;;;;
;;;;;;;;;;;;;;Atp5l;;;;;;;;;;;;;;;;;
;;;;;;;;;;;;;;Them6;;;;;;;;;;;;;;;;;
;;;;;;;;;;;;;;Pdia2;;;;;;;;;;;;;;;;;
;;;;;;;;;;;;;;Clcn3;;;;;;;;;;;;;;;;;
;;;;;;;;;;;;;;Blvra;;;;;;;;;;;;;;;;;
;;;;;;;;;;;;;;Actl6a;;;;;;;;;;;;;;;;;
;;;;;;;;;;;;;;Orc2;;;;;;;;;;;;;;;;;
;;;;;;;;;;;;;;Dnaaf2;;;;;;;;;;;;;;;;;
;;;;;;;;;;;;;;Sox6;;;;;;;;;;;;;;;;;
;;;;;;;;;;;;;;Steap3;;;;;;;;;;;;;;;;;
;;;;;;;;;;;;;;2810417H13Rik;;;;;;;;;;;;;;;;;
;;;;;;;;;;;;;;Rad23a;;;;;;;;;;;;;;;;;
;;;;;;;;;;;;;;Cisd1;;;;;;;;;;;;;;;;;
;;;;;;;;;;;;;;Rfc2;;;;;;;;;;;;;;;;;
;;;;;;;;;;;;;;Serbp1;;;;;;;;;;;;;;;;;
;;;;;;;;;;;;;;Uqcrq;;;;;;;;;;;;;;;;;
;;;;;;;;;;;;;;Ackr1;;;;;;;;;;;;;;;;;
;;;;;;;;;;;;;;Atp5h;;;;;;;;;;;;;;;;;
;;;;;;;;;;;;;;Zwint;;;;;;;;;;;;;;;;;
;;;;;;;;;;;;;;1700037H04Rik;;;;;;;;;;;;;;;;;
;;;;;;;;;;;;;;6030468B19Rik;;;;;;;;;;;;;;;;;
;;;;;;;;;;;;;;Ncapd2;;;;;;;;;;;;;;;;;
;;;;;;;;;;;;;;Sgol1;;;;;;;;;;;;;;;;;
;;;;;;;;;;;;;;Bloc1s5;;;;;;;;;;;;;;;;;
;;;;;;;;;;;;;;Scoc;;;;;;;;;;;;;;;;;
;;;;;;;;;;;;;;Timm13;;;;;;;;;;;;;;;;;
;;;;;;;;;;;;;;Tmpo;;;;;;;;;;;;;;;;;
;;;;;;;;;;;;;;Fcf1;;;;;;;;;;;;;;;;;
;;;;;;;;;;;;;;Anapc15;;;;;;;;;;;;;;;;;
;;;;;;;;;;;;;;Ncapg;;;;;;;;;;;;;;;;;
;;;;;;;;;;;;;;Lrr1;;;;;;;;;;;;;;;;;
;;;;;;;;;;;;;;Get4;;;;;;;;;;;;;;;;;
;;;;;;;;;;;;;;Eef1e1;;;;;;;;;;;;;;;;;
;;;;;;;;;;;;;;Itpa;;;;;;;;;;;;;;;;;
;;;;;;;;;;;;;;Slc25a3;;;;;;;;;;;;;;;;;
;;;;;;;;;;;;;;Chac2;;;;;;;;;;;;;;;;;
;;;;;;;;;;;;;;Clspn;;;;;;;;;;;;;;;;;
;;;;;;;;;;;;;;Lpcat1;;;;;;;;;;;;;;;;;
;;;;;;;;;;;;;;Eif3f;;;;;;;;;;;;;;;;;
;;;;;;;;;;;;;;Cenpp;;;;;;;;;;;;;;;;;
;;;;;;;;;;;;;;Atp1b2;;;;;;;;;;;;;;;;;
;;;;;;;;;;;;;;Slc25a37;;;;;;;;;;;;;;;;;
;;;;;;;;;;;;;;Mrpl22;;;;;;;;;;;;;;;;;
;;;;;;;;;;;;;;Psmc3;;;;;;;;;;;;;;;;;
;;;;;;;;;;;;;;Supt4a;;;;;;;;;;;;;;;;;
;;;;;;;;;;;;;;Swi5;;;;;;;;;;;;;;;;;
;;;;;;;;;;;;;;Btf3;;;;;;;;;;;;;;;;;
;;;;;;;;;;;;;;Tmem9;;;;;;;;;;;;;;;;;
;;;;;;;;;;;;;;Nmral1;;;;;;;;;;;;;;;;;
;;;;;;;;;;;;;;Hnrnpc;;;;;;;;;;;;;;;;;
;;;;;;;;;;;;;;Pmf1;;;;;;;;;;;;;;;;;
;;;;;;;;;;;;;;Mrpl49;;;;;;;;;;;;;;;;;
;;;;;;;;;;;;;;Spata24;;;;;;;;;;;;;;;;;
;;;;;;;;;;;;;;Cenpu;;;;;;;;;;;;;;;;;
;;;;;;;;;;;;;;Magoh;;;;;;;;;;;;;;;;;
;;;;;;;;;;;;;;Snrpc;;;;;;;;;;;;;;;;;
;;;;;;;;;;;;;;Ndufa4;;;;;;;;;;;;;;;;;
;;;;;;;;;;;;;;Acot13;;;;;;;;;;;;;;;;;
;;;;;;;;;;;;;;Isca1;;;;;;;;;;;;;;;;;
;;;;;;;;;;;;;;Ap1b1;;;;;;;;;;;;;;;;;
;;;;;;;;;;;;;;Bysl;;;;;;;;;;;;;;;;;
;;;;;;;;;;;;;;Ppil1;;;;;;;;;;;;;;;;;
;;;;;;;;;;;;;;U2af1;;;;;;;;;;;;;;;;;
;;;;;;;;;;;;;;Ndufb6;;;;;;;;;;;;;;;;;
;;;;;;;;;;;;;;Snrpg;;;;;;;;;;;;;;;;;
;;;;;;;;;;;;;;Psmb3;;;;;;;;;;;;;;;;;
;;;;;;;;;;;;;;Bag2;;;;;;;;;;;;;;;;;
;;;;;;;;;;;;;;Rpl29;;;;;;;;;;;;;;;;;
;;;;;;;;;;;;;;Uqcrb;;;;;;;;;;;;;;;;;
;;;;;;;;;;;;;;Tnfaip2;;;;;;;;;;;;;;;;;
;;;;;;;;;;;;;;Sdsl;;;;;;;;;;;;;;;;;
;;;;;;;;;;;;;;Narf;;;;;;;;;;;;;;;;;
;;;;;;;;;;;;;;Rad54l;;;;;;;;;;;;;;;;;
;;;;;;;;;;;;;;Slc6a20a;;;;;;;;;;;;;;;;;
;;;;;;;;;;;;;;Pradc1;;;;;;;;;;;;;;;;;
;;;;;;;;;;;;;;Thoc7;;;;;;;;;;;;;;;;;
;;;;;;;;;;;;;;Tubg1;;;;;;;;;;;;;;;;;
;;;;;;;;;;;;;;Nmnat3;;;;;;;;;;;;;;;;;
;;;;;;;;;;;;;;Slc16a6;;;;;;;;;;;;;;;;;
;;;;;;;;;;;;;;Tom1l1;;;;;;;;;;;;;;;;;
;;;;;;;;;;;;;;Nup35;;;;;;;;;;;;;;;;;
;;;;;;;;;;;;;;Btrc;;;;;;;;;;;;;;;;;
;;;;;;;;;;;;;;Polr2l;;;;;;;;;;;;;;;;;
;;;;;;;;;;;;;;Ndufv2;;;;;;;;;;;;;;;;;
;;;;;;;;;;;;;;Oard1;;;;;;;;;;;;;;;;;
;;;;;;;;;;;;;;Exosc7;;;;;;;;;;;;;;;;;
;;;;;;;;;;;;;;Pcmt1;;;;;;;;;;;;;;;;;
;;;;;;;;;;;;;;Nuf2;;;;;;;;;;;;;;;;;
;;;;;;;;;;;;;;Pmm1;;;;;;;;;;;;;;;;;
;;;;;;;;;;;;;;Ubxn2b;;;;;;;;;;;;;;;;;
;;;;;;;;;;;;;;Gemin2;;;;;;;;;;;;;;;;;
;;;;;;;;;;;;;;Cenpf;;;;;;;;;;;;;;;;;
;;;;;;;;;;;;;;Mrpl55;;;;;;;;;;;;;;;;;
;;;;;;;;;;;;;;Kif20a;;;;;;;;;;;;;;;;;
;;;;;;;;;;;;;;E2f2;;;;;;;;;;;;;;;;;
;;;;;;;;;;;;;;Daam1;;;;;;;;;;;;;;;;;
;;;;;;;;;;;;;;Atg4d;;;;;;;;;;;;;;;;;
;;;;;;;;;;;;;;Pop5;;;;;;;;;;;;;;;;;
;;;;;;;;;;;;;;Gstp1;;;;;;;;;;;;;;;;;
;;;;;;;;;;;;;;Donson;;;;;;;;;;;;;;;;;
;;;;;;;;;;;;;;Psmb1;;;;;;;;;;;;;;;;;
;;;;;;;;;;;;;;Coq7;;;;;;;;;;;;;;;;;
;;;;;;;;;;;;;;2700097O09Rik;;;;;;;;;;;;;;;;;
;;;;;;;;;;;;;;Orc1;;;;;;;;;;;;;;;;;
;;;;;;;;;;;;;;Wrap73;;;;;;;;;;;;;;;;;
;;;;;;;;;;;;;;Ubxn2a;;;;;;;;;;;;;;;;;
;;;;;;;;;;;;;;Ndufa9;;;;;;;;;;;;;;;;;
;;;;;;;;;;;;;;Pdcd5;;;;;;;;;;;;;;;;;
;;;;;;;;;;;;;;Snrnp25;;;;;;;;;;;;;;;;;
;;;;;;;;;;;;;;Atp5c1;;;;;;;;;;;;;;;;;
;;;;;;;;;;;;;;Fancl;;;;;;;;;;;;;;;;;
;;;;;;;;;;;;;;Rpl7a;;;;;;;;;;;;;;;;;
;;;;;;;;;;;;;;Gfer;;;;;;;;;;;;;;;;;
;;;;;;;;;;;;;;Aplf;;;;;;;;;;;;;;;;;
;;;;;;;;;;;;;;Nsmce1;;;;;;;;;;;;;;;;;
;;;;;;;;;;;;;;Ppid;;;;;;;;;;;;;;;;;
;;;;;;;;;;;;;;Cetn3;;;;;;;;;;;;;;;;;
;;;;;;;;;;;;;;Psmc1;;;;;;;;;;;;;;;;;
;;;;;;;;;;;;;;Ppp2r4;;;;;;;;;;;;;;;;;
;;;;;;;;;;;;;;Clybl;;;;;;;;;;;;;;;;;
;;;;;;;;;;;;;;Scly;;;;;;;;;;;;;;;;;
;;;;;;;;;;;;;;Rad51;;;;;;;;;;;;;;;;;
;;;;;;;;;;;;;;Ppp2r1b;;;;;;;;;;;;;;;;;
;;;;;;;;;;;;;;Pmvk;;;;;;;;;;;;;;;;;
;;;;;;;;;;;;;;Ftsj1;;;;;;;;;;;;;;;;;
;;;;;;;;;;;;;;Nusap1;;;;;;;;;;;;;;;;;
;;;;;;;;;;;;;;Srp19;;;;;;;;;;;;;;;;;
;;;;;;;;;;;;;;Mrpl12;;;;;;;;;;;;;;;;;
;;;;;;;;;;;;;;Cox7b;;;;;;;;;;;;;;;;;
;;;;;;;;;;;;;;Uqcr10;;;;;;;;;;;;;;;;;
;;;;;;;;;;;;;;Eif3d;;;;;;;;;;;;;;;;;
;;;;;;;;;;;;;;Slc16a1;;;;;;;;;;;;;;;;;
;;;;;;;;;;;;;;Ckap2l;;;;;;;;;;;;;;;;;
;;;;;;;;;;;;;;Prc1;;;;;;;;;;;;;;;;;
;;;;;;;;;;;;;;Tmem33;;;;;;;;;;;;;;;;;
;;;;;;;;;;;;;;Chchd3;;;;;;;;;;;;;;;;;
;;;;;;;;;;;;;;Ezh2;;;;;;;;;;;;;;;;;
;;;;;;;;;;;;;;Ndufb8;;;;;;;;;;;;;;;;;
;;;;;;;;;;;;;;Rec114;;;;;;;;;;;;;;;;;
;;;;;;;;;;;;;;Tfdp2;;;;;;;;;;;;;;;;;
;;;;;;;;;;;;;;Mrps22;;;;;;;;;;;;;;;;;
;;;;;;;;;;;;;;Rabggtb;;;;;;;;;;;;;;;;;
;;;;;;;;;;;;;;Eif2b3;;;;;;;;;;;;;;;;;
;;;;;;;;;;;;;;Eif2b4;;;;;;;;;;;;;;;;;
;;;;;;;;;;;;;;Pole2;;;;;;;;;;;;;;;;;
;;;;;;;;;;;;;;Siah1b;;;;;;;;;;;;;;;;;
;;;;;;;;;;;;;;Leprot;;;;;;;;;;;;;;;;;
;;;;;;;;;;;;;;Fam134a;;;;;;;;;;;;;;;;;
;;;;;;;;;;;;;;Lrwd1;;;;;;;;;;;;;;;;;
;;;;;;;;;;;;;;Cenpl;;;;;;;;;;;;;;;;;
;;;;;;;;;;;;;;Zfp672;;;;;;;;;;;;;;;;;
;;;;;;;;;;;;;;Gm12999;;;;;;;;;;;;;;;;;
;;;;;;;;;;;;;;Fam234b;;;;;;;;;;;;;;;;;
;;;;;;;;;;;;;;Farsb;;;;;;;;;;;;;;;;;
;;;;;;;;;;;;;;Lbr;;;;;;;;;;;;;;;;;
;;;;;;;;;;;;;;Cdca4;;;;;;;;;;;;;;;;;
;;;;;;;;;;;;;;Emilin2;;;;;;;;;;;;;;;;;
;;;;;;;;;;;;;;Cinp;;;;;;;;;;;;;;;;;
;;;;;;;;;;;;;;Dynlt1a;;;;;;;;;;;;;;;;;
;;;;;;;;;;;;;;Tomm22;;;;;;;;;;;;;;;;;
;;;;;;;;;;;;;;Psmc3ip;;;;;;;;;;;;;;;;;
;;;;;;;;;;;;;;Cul4a;;;;;;;;;;;;;;;;;
;;;;;;;;;;;;;;1300017J02Rik;;;;;;;;;;;;;;;;;
;;;;;;;;;;;;;;Pola2;;;;;;;;;;;;;;;;;
;;;;;;;;;;;;;;Ampd3;;;;;;;;;;;;;;;;;
;;;;;;;;;;;;;;Smc4;;;;;;;;;;;;;;;;;
;;;;;;;;;;;;;;Mrpl41;;;;;;;;;;;;;;;;;
;;;;;;;;;;;;;;Psmg2;;;;;;;;;;;;;;;;;
;;;;;;;;;;;;;;Btnl10;;;;;;;;;;;;;;;;;
;;;;;;;;;;;;;;Fam96a;;;;;;;;;;;;;;;;;
;;;;;;;;;;;;;;Htra2;;;;;;;;;;;;;;;;;
;;;;;;;;;;;;;;Wdr61;;;;;;;;;;;;;;;;;
;;;;;;;;;;;;;;Ndufs1;;;;;;;;;;;;;;;;;
;;;;;;;;;;;;;;Prkab1;;;;;;;;;;;;;;;;;
;;;;;;;;;;;;;;Cbx5;;;;;;;;;;;;;;;;;
;;;;;;;;;;;;;;Rbm43;;;;;;;;;;;;;;;;;
;;;;;;;;;;;;;;Trim59;;;;;;;;;;;;;;;;;
;;;;;;;;;;;;;;Ube2c;;;;;;;;;;;;;;;;;
;;;;;;;;;;;;;;Stoml2;;;;;;;;;;;;;;;;;
;;;;;;;;;;;;;;Ndufb4;;;;;;;;;;;;;;;;;
;;;;;;;;;;;;;;Wbp5;;;;;;;;;;;;;;;;;
;;;;;;;;;;;;;;Cir1;;;;;;;;;;;;;;;;;
;;;;;;;;;;;;;;Redrum;;;;;;;;;;;;;;;;;
;;;;;;;;;;;;;;Tamm41;;;;;;;;;;;;;;;;;
;;;;;;;;;;;;;;Ssbp3;;;;;;;;;;;;;;;;;
;;;;;;;;;;;;;;Nxt1;;;;;;;;;;;;;;;;;
;;;;;;;;;;;;;;Ormdl2;;;;;;;;;;;;;;;;;
;;;;;;;;;;;;;;Uqcrc2;;;;;;;;;;;;;;;;;
;;;;;;;;;;;;;;Eif5a;;;;;;;;;;;;;;;;;
;;;;;;;;;;;;;;Paics;;;;;;;;;;;;;;;;;
;;;;;;;;;;;;;;Gemin6;;;;;;;;;;;;;;;;;
;;;;;;;;;;;;;;Taf12;;;;;;;;;;;;;;;;;
;;;;;;;;;;;;;;Gm10020;;;;;;;;;;;;;;;;;
;;;;;;;;;;;;;;Ctbp1;;;;;;;;;;;;;;;;;
;;;;;;;;;;;;;;Mrpl46;;;;;;;;;;;;;;;;;
;;;;;;;;;;;;;;Ak6;;;;;;;;;;;;;;;;;
;;;;;;;;;;;;;;Rmdn3;;;;;;;;;;;;;;;;;
;;;;;;;;;;;;;;Pkig;;;;;;;;;;;;;;;;;
;;;;;;;;;;;;;;Cenpn;;;;;;;;;;;;;;;;;
;;;;;;;;;;;;;;AI662270;;;;;;;;;;;;;;;;;
;;;;;;;;;;;;;;Incenp;;;;;;;;;;;;;;;;;
;;;;;;;;;;;;;;Agfg2;;;;;;;;;;;;;;;;;
;;;;;;;;;;;;;;Hmgn1;;;;;;;;;;;;;;;;;
;;;;;;;;;;;;;;Timm17a;;;;;;;;;;;;;;;;;
;;;;;;;;;;;;;;Nudt1;;;;;;;;;;;;;;;;;
;;;;;;;;;;;;;;Nup43;;;;;;;;;;;;;;;;;
;;;;;;;;;;;;;;Ube2t;;;;;;;;;;;;;;;;;
;;;;;;;;;;;;;;Wdhd1;;;;;;;;;;;;;;;;;
;;;;;;;;;;;;;;D1Ertd622e;;;;;;;;;;;;;;;;;
;;;;;;;;;;;;;;Arl6ip6;;;;;;;;;;;;;;;;;
;;;;;;;;;;;;;;Ndufc1;;;;;;;;;;;;;;;;;
;;;;;;;;;;;;;;Bola1;;;;;;;;;;;;;;;;;
;;;;;;;;;;;;;;Casc5;;;;;;;;;;;;;;;;;
;;;;;;;;;;;;;;Nelfcd;;;;;;;;;;;;;;;;;
;;;;;;;;;;;;;;Rpp25l;;;;;;;;;;;;;;;;;
;;;;;;;;;;;;;;Cdkn2c;;;;;;;;;;;;;;;;;
;;;;;;;;;;;;;;Ppp1r7;;;;;;;;;;;;;;;;;
;;;;;;;;;;;;;;Rab3il1;;;;;;;;;;;;;;;;;
;;;;;;;;;;;;;;Hpn;;;;;;;;;;;;;;;;;
;;;;;;;;;;;;;;Wdr76;;;;;;;;;;;;;;;;;
;;;;;;;;;;;;;;Gm10073;;;;;;;;;;;;;;;;;
;;;;;;;;;;;;;;Prim2;;;;;;;;;;;;;;;;;
;;;;;;;;;;;;;;E2f8;;;;;;;;;;;;;;;;;
;;;;;;;;;;;;;;Pold3;;;;;;;;;;;;;;;;;
;;;;;;;;;;;;;;Polr3h;;;;;;;;;;;;;;;;;
;;;;;;;;;;;;;;Dlst;;;;;;;;;;;;;;;;;
;;;;;;;;;;;;;;Vrk1;;;;;;;;;;;;;;;;;
;;;;;;;;;;;;;;Lsm3;;;;;;;;;;;;;;;;;
;;;;;;;;;;;;;;Polr2f;;;;;;;;;;;;;;;;;
;;;;;;;;;;;;;;Pithd1;;;;;;;;;;;;;;;;;
;;;;;;;;;;;;;;Ndufa2;;;;;;;;;;;;;;;;;
;;;;;;;;;;;;;;Polr2c;;;;;;;;;;;;;;;;;
;;;;;;;;;;;;;;Pqlc1;;;;;;;;;;;;;;;;;
;;;;;;;;;;;;;;Tcf19;;;;;;;;;;;;;;;;;
;;;;;;;;;;;;;;Hras;;;;;;;;;;;;;;;;;
;;;;;;;;;;;;;;Hspd1;;;;;;;;;;;;;;;;;
;;;;;;;;;;;;;;Znhit3;;;;;;;;;;;;;;;;;
;;;;;;;;;;;;;;Rpl18;;;;;;;;;;;;;;;;;
;;;;;;;;;;;;;;Nme4;;;;;;;;;;;;;;;;;
;;;;;;;;;;;;;;Nt5c3;;;;;;;;;;;;;;;;;
;;;;;;;;;;;;;;Tceb1;;;;;;;;;;;;;;;;;
;;;;;;;;;;;;;;Mrps16;;;;;;;;;;;;;;;;;
;;;;;;;;;;;;;;Chaf1a;;;;;;;;;;;;;;;;;
;;;;;;;;;;;;;;Mars;;;;;;;;;;;;;;;;;
;;;;;;;;;;;;;;Mthfd2;;;;;;;;;;;;;;;;;
;;;;;;;;;;;;;;Nfs1;;;;;;;;;;;;;;;;;
;;;;;;;;;;;;;;Rhno1;;;;;;;;;;;;;;;;;
;;;;;;;;;;;;;;Phyhip;;;;;;;;;;;;;;;;;
;;;;;;;;;;;;;;Ube2l3;;;;;;;;;;;;;;;;;
;;;;;;;;;;;;;;Psmb5;;;;;;;;;;;;;;;;;
;;;;;;;;;;;;;;Psmd13;;;;;;;;;;;;;;;;;
;;;;;;;;;;;;;;Rps6;;;;;;;;;;;;;;;;;
;;;;;;;;;;;;;;Usp39;;;;;;;;;;;;;;;;;
;;;;;;;;;;;;;;Mxd3;;;;;;;;;;;;;;;;;
;;;;;;;;;;;;;;Gm37915;;;;;;;;;;;;;;;;;
;;;;;;;;;;;;;;Carnmt1;;;;;;;;;;;;;;;;;
;;;;;;;;;;;;;;Sf3b6;;;;;;;;;;;;;;;;;
;;;;;;;;;;;;;;Commd3;;;;;;;;;;;;;;;;;
;;;;;;;;;;;;;;Ppih;;;;;;;;;;;;;;;;;
;;;;;;;;;;;;;;March2;;;;;;;;;;;;;;;;;
;;;;;;;;;;;;;;Ube2s;;;;;;;;;;;;;;;;;
;;;;;;;;;;;;;;Sqrdl;;;;;;;;;;;;;;;;;
;;;;;;;;;;;;;;Rps5;;;;;;;;;;;;;;;;;
;;;;;;;;;;;;;;Ubp1;;;;;;;;;;;;;;;;;
;;;;;;;;;;;;;;Shcbp1;;;;;;;;;;;;;;;;;
;;;;;;;;;;;;;;Eif2b1;;;;;;;;;;;;;;;;;
;;;;;;;;;;;;;;Med7;;;;;;;;;;;;;;;;;
;;;;;;;;;;;;;;Smim8;;;;;;;;;;;;;;;;;
;;;;;;;;;;;;;;Stradb;;;;;;;;;;;;;;;;;
;;;;;;;;;;;;;;Lsm6;;;;;;;;;;;;;;;;;
;;;;;;;;;;;;;;Idh3a;;;;;;;;;;;;;;;;;
;;;;;;;;;;;;;;Mpp1;;;;;;;;;;;;;;;;;
;;;;;;;;;;;;;;Rpl4;;;;;;;;;;;;;;;;;
;;;;;;;;;;;;;;Mrpl50;;;;;;;;;;;;;;;;;
;;;;;;;;;;;;;;Hist1h2al;;;;;;;;;;;;;;;;;
;;;;;;;;;;;;;;Mrpl15;;;;;;;;;;;;;;;;;
;;;;;;;;;;;;;;Anapc5;;;;;;;;;;;;;;;;;
;;;;;;;;;;;;;;Fam162a;;;;;;;;;;;;;;;;;
;;;;;;;;;;;;;;Ubl4a;;;;;;;;;;;;;;;;;
;;;;;;;;;;;;;;Ndufa10;;;;;;;;;;;;;;;;;
;;;;;;;;;;;;;;Pomp;;;;;;;;;;;;;;;;;
;;;;;;;;;;;;;;Cox11;;;;;;;;;;;;;;;;;
;;;;;;;;;;;;;;Pdzd11;;;;;;;;;;;;;;;;;
;;;;;;;;;;;;;;Tac2;;;;;;;;;;;;;;;;;
;;;;;;;;;;;;;;Sfxn1;;;;;;;;;;;;;;;;;
;;;;;;;;;;;;;;Eif2s1;;;;;;;;;;;;;;;;;
;;;;;;;;;;;;;;Ezr;;;;;;;;;;;;;;;;;
;;;;;;;;;;;;;;Cox17;;;;;;;;;;;;;;;;;
;;;;;;;;;;;;;;Esd;;;;;;;;;;;;;;;;;
;;;;;;;;;;;;;;Fbxo3;;;;;;;;;;;;;;;;;
;;;;;;;;;;;;;;Mrpl57;;;;;;;;;;;;;;;;;
;;;;;;;;;;;;;;Mrpl34;;;;;;;;;;;;;;;;;
;;;;;;;;;;;;;;Ssb;;;;;;;;;;;;;;;;;
;;;;;;;;;;;;;;Psmb2;;;;;;;;;;;;;;;;;
;;;;;;;;;;;;;;Akip1;;;;;;;;;;;;;;;;;
;;;;;;;;;;;;;;E2f1;;;;;;;;;;;;;;;;;
;;;;;;;;;;;;;;Haus1;;;;;;;;;;;;;;;;;
;;;;;;;;;;;;;;Smox;;;;;;;;;;;;;;;;;
;;;;;;;;;;;;;;Slc25a51;;;;;;;;;;;;;;;;;
;;;;;;;;;;;;;;Psmd3;;;;;;;;;;;;;;;;;
;;;;;;;;;;;;;;Eci2;;;;;;;;;;;;;;;;;
;;;;;;;;;;;;;;Rcc1;;;;;;;;;;;;;;;;;
;;;;;;;;;;;;;;Ap2s1;;;;;;;;;;;;;;;;;
;;;;;;;;;;;;;;Apitd1;;;;;;;;;;;;;;;;;
;;;;;;;;;;;;;;Mrpl13;;;;;;;;;;;;;;;;;
;;;;;;;;;;;;;;Fam117a;;;;;;;;;;;;;;;;;
;;;;;;;;;;;;;;Fopnl;;;;;;;;;;;;;;;;;
;;;;;;;;;;;;;;Chchd1;;;;;;;;;;;;;;;;;
;;;;;;;;;;;;;;Mrps25;;;;;;;;;;;;;;;;;
;;;;;;;;;;;;;;Cdca5;;;;;;;;;;;;;;;;;
;;;;;;;;;;;;;;Ormdl3;;;;;;;;;;;;;;;;;
;;;;;;;;;;;;;;Aurkb;;;;;;;;;;;;;;;;;
;;;;;;;;;;;;;;Psmd5;;;;;;;;;;;;;;;;;
;;;;;;;;;;;;;;Ncapd3;;;;;;;;;;;;;;;;;
;;;;;;;;;;;;;;Tmem60;;;;;;;;;;;;;;;;;
;;;;;;;;;;;;;;Rnf26;;;;;;;;;;;;;;;;;
;;;;;;;;;;;;;;Klhdc2;;;;;;;;;;;;;;;;;
;;;;;;;;;;;;;;Slmo2;;;;;;;;;;;;;;;;;
;;;;;;;;;;;;;;Asnsd1;;;;;;;;;;;;;;;;;
;;;;;;;;;;;;;;Gde1;;;;;;;;;;;;;;;;;
;;;;;;;;;;;;;;Psma5;;;;;;;;;;;;;;;;;
;;;;;;;;;;;;;;Wdr18;;;;;;;;;;;;;;;;;
;;;;;;;;;;;;;;Lyar;;;;;;;;;;;;;;;;;
;;;;;;;;;;;;;;Psmc4;;;;;;;;;;;;;;;;;
;;;;;;;;;;;;;;Cs;;;;;;;;;;;;;;;;;
;;;;;;;;;;;;;;Nubp2;;;;;;;;;;;;;;;;;
;;;;;;;;;;;;;;1700020I14Rik;;;;;;;;;;;;;;;;;
;;;;;;;;;;;;;;Sars;;;;;;;;;;;;;;;;;
;;;;;;;;;;;;;;Thumpd3;;;;;;;;;;;;;;;;;
;;;;;;;;;;;;;;Hrsp12;;;;;;;;;;;;;;;;;
;;;;;;;;;;;;;;Ppp1cc;;;;;;;;;;;;;;;;;
;;;;;;;;;;;;;;Rps18;;;;;;;;;;;;;;;;;
;;;;;;;;;;;;;;Gmps;;;;;;;;;;;;;;;;;
;;;;;;;;;;;;;;Nudt4;;;;;;;;;;;;;;;;;
;;;;;;;;;;;;;;Dynll1;;;;;;;;;;;;;;;;;
;;;;;;;;;;;;;;Cenpe;;;;;;;;;;;;;;;;;
;;;;;;;;;;;;;;Bbip1;;;;;;;;;;;;;;;;;
;;;;;;;;;;;;;;Mtx2;;;;;;;;;;;;;;;;;
;;;;;;;;;;;;;;Psmd12;;;;;;;;;;;;;;;;;
;;;;;;;;;;;;;;Usmg5;;;;;;;;;;;;;;;;;
;;;;;;;;;;;;;;Pole4;;;;;;;;;;;;;;;;;
;;;;;;;;;;;;;;Armc1;;;;;;;;;;;;;;;;;
;;;;;;;;;;;;;;Mrps11;;;;;;;;;;;;;;;;;
;;;;;;;;;;;;;;Casp6;;;;;;;;;;;;;;;;;
;;;;;;;;;;;;;;Ap2a1;;;;;;;;;;;;;;;;;
;;;;;;;;;;;;;;Nup93;;;;;;;;;;;;;;;;;
;;;;;;;;;;;;;;Cacybp;;;;;;;;;;;;;;;;;
;;;;;;;;;;;;;;Luc7l3;;;;;;;;;;;;;;;;;
;;;;;;;;;;;;;;Fbl;;;;;;;;;;;;;;;;;
;;;;;;;;;;;;;;Ahsa1;;;;;;;;;;;;;;;;;
;;;;;;;;;;;;;;Cct2;;;;;;;;;;;;;;;;;
;;;;;;;;;;;;;;Park7;;;;;;;;;;;;;;;;;
;;;;;;;;;;;;;;2210016F16Rik;;;;;;;;;;;;;;;;;
;;;;;;;;;;;;;;Mrto4;;;;;;;;;;;;;;;;;
;;;;;;;;;;;;;;Ubl5;;;;;;;;;;;;;;;;;
;;;;;;;;;;;;;;Naa10;;;;;;;;;;;;;;;;;
;;;;;;;;;;;;;;Neil3;;;;;;;;;;;;;;;;;
;;;;;;;;;;;;;;Mrps18b;;;;;;;;;;;;;;;;;
;;;;;;;;;;;;;;Psmd1;;;;;;;;;;;;;;;;;
;;;;;;;;;;;;;;Hspa14;;;;;;;;;;;;;;;;;
;;;;;;;;;;;;;;Cops5;;;;;;;;;;;;;;;;;
;;;;;;;;;;;;;;Samm50;;;;;;;;;;;;;;;;;
;;;;;;;;;;;;;;Psmg3;;;;;;;;;;;;;;;;;
;;;;;;;;;;;;;;Cct3;;;;;;;;;;;;;;;;;
;;;;;;;;;;;;;;Eif3a;;;;;;;;;;;;;;;;;
;;;;;;;;;;;;;;Knstrn;;;;;;;;;;;;;;;;;
;;;;;;;;;;;;;;Slirp;;;;;;;;;;;;;;;;;
;;;;;;;;;;;;;;Bud31;;;;;;;;;;;;;;;;;
;;;;;;;;;;;;;;Psmd10;;;;;;;;;;;;;;;;;
;;;;;;;;;;;;;;Mrpl42;;;;;;;;;;;;;;;;;
;;;;;;;;;;;;;;Bub3;;;;;;;;;;;;;;;;;
;;;;;;;;;;;;;;Ncaph2;;;;;;;;;;;;;;;;;
;;;;;;;;;;;;;;Eef1a1;;;;;;;;;;;;;;;;;
;;;;;;;;;;;;;;Eif3g;;;;;;;;;;;;;;;;;
;;;;;;;;;;;;;;Atad2;;;;;;;;;;;;;;;;;
;;;;;;;;;;;;;;Nap1l4;;;;;;;;;;;;;;;;;
;;;;;;;;;;;;;;Mpv17l2;;;;;;;;;;;;;;;;;
;;;;;;;;;;;;;;Eri1;;;;;;;;;;;;;;;;;
;;;;;;;;;;;;;;Tmem208;;;;;;;;;;;;;;;;;
;;;;;;;;;;;;;;Cdc123;;;;;;;;;;;;;;;;;
;;;;;;;;;;;;;;Pa2g4;;;;;;;;;;;;;;;;;
;;;;;;;;;;;;;;Ndufa8;;;;;;;;;;;;;;;;;
;;;;;;;;;;;;;;Clpp;;;;;;;;;;;;;;;;;
;;;;;;;;;;;;;;Pigyl;;;;;;;;;;;;;;;;;
;;;;;;;;;;;;;;Rpp30;;;;;;;;;;;;;;;;;
;;;;;;;;;;;;;;Rpl3;;;;;;;;;;;;;;;;;
;;;;;;;;;;;;;;Mrps7;;;;;;;;;;;;;;;;;
;;;;;;;;;;;;;;Vars;;;;;;;;;;;;;;;;;
;;;;;;;;;;;;;;Ube2e3;;;;;;;;;;;;;;;;;
;;;;;;;;;;;;;;Rnps1;;;;;;;;;;;;;;;;;
;;;;;;;;;;;;;;Aimp2;;;;;;;;;;;;;;;;;
;;;;;;;;;;;;;;Nup62;;;;;;;;;;;;;;;;;
;;;;;;;;;;;;;;Gm8186;;;;;;;;;;;;;;;;;
;;;;;;;;;;;;;;Cd59a;;;;;;;;;;;;;;;;;
;;;;;;;;;;;;;;Srsf6;;;;;;;;;;;;;;;;;
;;;;;;;;;;;;;;Wapl;;;;;;;;;;;;;;;;;
;;;;;;;;;;;;;;Sod2;;;;;;;;;;;;;;;;;
;;;;;;;;;;;;;;Smap1;;;;;;;;;;;;;;;;;
;;;;;;;;;;;;;;Pdhb;;;;;;;;;;;;;;;;;
;;;;;;;;;;;;;;Guk1;;;;;;;;;;;;;;;;;
;;;;;;;;;;;;;;Hmgcl;;;;;;;;;;;;;;;;;
;;;;;;;;;;;;;;Dus1l;;;;;;;;;;;;;;;;;
;;;;;;;;;;;;;;Abhd16a;;;;;;;;;;;;;;;;;
;;;;;;;;;;;;;;Pin4;;;;;;;;;;;;;;;;;
;;;;;;;;;;;;;;Srsf10;;;;;;;;;;;;;;;;;
;;;;;;;;;;;;;;Aasdhppt;;;;;;;;;;;;;;;;;
;;;;;;;;;;;;;;Prps1;;;;;;;;;;;;;;;;;
;;;;;;;;;;;;;;Afg3l2;;;;;;;;;;;;;;;;;
;;;;;;;;;;;;;;Setd8;;;;;;;;;;;;;;;;;
;;;;;;;;;;;;;;Prpf38a;;;;;;;;;;;;;;;;;
;;;;;;;;;;;;;;1110004F10Rik;;;;;;;;;;;;;;;;;
;;;;;;;;;;;;;;Ube2v2;;;;;;;;;;;;;;;;;
;;;;;;;;;;;;;;Acaa2;;;;;;;;;;;;;;;;;
;;;;;;;;;;;;;;Ndufb2;;;;;;;;;;;;;;;;;
;;;;;;;;;;;;;;Aurkaip1;;;;;;;;;;;;;;;;;
;;;;;;;;;;;;;;Smc3;;;;;;;;;;;;;;;;;
;;;;;;;;;;;;;;Spcs1;;;;;;;;;;;;;;;;;
;;;;;;;;;;;;;;Txn1;;;;;;;;;;;;;;;;;
;;;;;;;;;;;;;;Zranb2;;;;;;;;;;;;;;;;;
;;;;;;;;;;;;;;Taf6l;;;;;;;;;;;;;;;;;
;;;;;;;;;;;;;;Snf8;;;;;;;;;;;;;;;;;
;;;;;;;;;;;;;;Bax;;;;;;;;;;;;;;;;;
;;;;;;;;;;;;;;Ung;;;;;;;;;;;;;;;;;
;;;;;;;;;;;;;;Gps2;;;;;;;;;;;;;;;;;
;;;;;;;;;;;;;;Emc8;;;;;;;;;;;;;;;;;
;;;;;;;;;;;;;;Ctsd;;;;;;;;;;;;;;;;;
;;;;;;;;;;;;;;Timm17b;;;;;;;;;;;;;;;;;
;;;;;;;;;;;;;;Psma4;;;;;;;;;;;;;;;;;
;;;;;;;;;;;;;;Rbbp4;;;;;;;;;;;;;;;;;
;;;;;;;;;;;;;;Mrpl36;;;;;;;;;;;;;;;;;
;;;;;;;;;;;;;;Rps11;;;;;;;;;;;;;;;;;
;;;;;;;;;;;;;;Eftud2;;;;;;;;;;;;;;;;;
;;;;;;;;;;;;;;Smarca5;;;;;;;;;;;;;;;;;
;;;;;;;;;;;;;;Higd1a;;;;;;;;;;;;;;;;;
;;;;;;;;;;;;;;Smc1a;;;;;;;;;;;;;;;;;
;;;;;;;;;;;;;;Dkc1;;;;;;;;;;;;;;;;;
;;;;;;;;;;;;;;Sf3b5;;;;;;;;;;;;;;;;;
;;;;;;;;;;;;;;Tmem147;;;;;;;;;;;;;;;;;
;;;;;;;;;;;;;;Eid1;;;;;;;;;;;;;;;;;
;;;;;;;;;;;;;;Hacd1;;;;;;;;;;;;;;;;;
;;;;;;;;;;;;;;Psma6;;;;;;;;;;;;;;;;;
;;;;;;;;;;;;;;Immt;;;;;;;;;;;;;;;;;
;;;;;;;;;;;;;;Cops3;;;;;;;;;;;;;;;;;
;;;;;;;;;;;;;;Pcbp1;;;;;;;;;;;;;;;;;
;;;;;;;;;;;;;;Acsl5;;;;;;;;;;;;;;;;;
;;;;;;;;;;;;;;Uba2;;;;;;;;;;;;;;;;;
;;;;;;;;;;;;;;Ndufs4;;;;;;;;;;;;;;;;;
;;;;;;;;;;;;;;D8Ertd738e;;;;;;;;;;;;;;;;;
;;;;;;;;;;;;;;Uchl5;;;;;;;;;;;;;;;;;
;;;;;;;;;;;;;;Bckdk;;;;;;;;;;;;;;;;;
;;;;;;;;;;;;;;Vdac1;;;;;;;;;;;;;;;;;
;;;;;;;;;;;;;;Mrps21;;;;;;;;;;;;;;;;;
;;;;;;;;;;;;;;Timm50;;;;;;;;;;;;;;;;;
;;;;;;;;;;;;;;Zcchc17;;;;;;;;;;;;;;;;;
;;;;;;;;;;;;;;Arl6ip4;;;;;;;;;;;;;;;;;
;;;;;;;;;;;;;;Stip1;;;;;;;;;;;;;;;;;
;;;;;;;;;;;;;;Eif3l;;;;;;;;;;;;;;;;;
;;;;;;;;;;;;;;0610011F06Rik;;;;;;;;;;;;;;;;;
;;;;;;;;;;;;;;Mrpl21;;;;;;;;;;;;;;;;;
;;;;;;;;;;;;;;Zcrb1;;;;;;;;;;;;;;;;;
;;;;;;;;;;;;;;Aifm1;;;;;;;;;;;;;;;;;
;;;;;;;;;;;;;;2410015M20Rik;;;;;;;;;;;;;;;;;
;;;;;;;;;;;;;;Eif2s2;;;;;;;;;;;;;;;;;
;;;;;;;;;;;;;;Tpr;;;;;;;;;;;;;;;;;
;;;;;;;;;;;;;;Atp5e;;;;;;;;;;;;;;;;;
;;;;;;;;;;;;;;Trappc1;;;;;;;;;;;;;;;;;
;;;;;;;;;;;;;;Rpa3;;;;;;;;;;;;;;;;;
;;;;;;;;;;;;;;Dazap1;;;;;;;;;;;;;;;;;
;;;;;;;;;;;;;;Psmd2;;;;;;;;;;;;;;;;;
;;;;;;;;;;;;;;Adk;;;;;;;;;;;;;;;;;
;;;;;;;;;;;;;;Ubxn1;;;;;;;;;;;;;;;;;